date,date_raw,author,rating,title,text,product_slug,product_url,image_url
2026-07-30,30. Juli 2026,Hansjürg Schnetzer,5.0,Gute Qualität. Der Hartkunstoff-Schutz ist langlebig und wird nicht spröde. Schnelle Lieferung. Alles Top.,"Wir brauchen die Sättel für die Kunstradfahren Uzwil.
Auch unsere Weltmeisterinnen finden die Sättel sehr gut.",einradsattel-luxus-schwarz,https://www.jugglux.ch/outdoor-und-freizeit/einrad-und-zubehoer/einrad-sattel/einradsattel-luxus-schwarz.html,https://www.jugglux.ch/media/image/01/d5/3d/einradsattel-luxus-schwarz-235897-30652_600x600.jpg
2026-07-29,29. Juli 2026,Francis,5.0,Bewertung,Sehr schnelle und einwandfrei Lieferung. Vielen Dank,stereo-lorgnette,https://www.jugglux.ch/experimente-und-magie/physikspiele-und-co/optisches-und-beobachten/stereo-lorgnette.html,https://www.jugglux.ch/media/image/3b/db/d7/stereo-lorgnette-230587-35164_600x600.jpg
2026-07-27,27. Juli 2026,Karin,4.5,Sehr zufrieden,"Der HyperSpin läuft ruhig und lange. Er ist etwas grösser wie der letzte Diabolo, den wir hatten. Somit ist er etwas einfacher zu fangen. Jedoch sind wenige Tricks (z.B. Dampfwalze) etwas schwieriger, weil der Diabolo grösser ist. Er ist ebenfalls wenig lauter. Dafür ist er 70gr. Leichter, was ich sehr positiv finde. Ich würde wieder kaufen.",hyperspin-t-bearing-diabolo-violett,https://www.jugglux.ch/jonglieren-und-artistik/diabolos-und-zubehoer/diabolos-mit-kugellager/hyperspin-bearing-diabolos/hyperspin-t-bearing-diabolo-violett.html,https://www.jugglux.ch/media/image/76/ae/ac/hyperspin-t-bearing-diabolo-violett-235559-43430_600x600.png
2026-07-23,23. Juli 2026,Urs,5.0,super Service!,"Produkt wie beschrieben, schnelle Lieferung, sehr freundlicher Support, sehr gerne wieder!",jugglux-gutschein-im-wert-von-100.,https://www.jugglux.ch/spiele-und-geschenke/geschenkideen/geschenkgutscheine/jugglux-gutschein-im-wert-von-100..html,https://www.jugglux.ch/media/image/31/90/1c/jugglux-gutschein-im-wert-von-100-221238-33687_600x600.jpg
2026-07-23,23. Juli 2026,H1,5.0,50 optische Ilusionen,Spannende optische Täuschungen für jung und alt. Gut gestaltet.,50-optische-illusionen,https://www.jugglux.ch/experimente-und-magie/physikspiele-und-co/optisches-und-beobachten/50-optische-illusionen.html,https://www.jugglux.ch/media/image/79/ab/fb/50-optische-illusionen-230899-37620_600x600.jpg
2026-07-19,19. Juli 2026,Doris,5.0,Meine Kollegin hat gerade gefragt wo här ich den Ring habe Dan habe ich den Link geschickt . Wir sind alle begeistert.,Einfach super,fidget-ring-goldfarben-mit-rotierendem-blauen-schmetterling,https://www.jugglux.ch/outdoor-und-freizeit/fidget-toys/fidget-ring/fidget-ring-goldfarben-mit-rotierendem-blauen-schmetterling.html,https://www.jugglux.ch/media/image/45/73/33/Fidget-Ring-goldfarben-mit-rotierendem-blauen-Schmetterling_600x600.jpg
2026-07-18,18. Juli 2026,Sebastian,5.0,Schneller Versand - super Ware!,"Der Versand ging super schnell, Sonntag Abend bestellt, Dienstag war es schon bei uns!
TAC als Spiel kenne ich seit vielen Jahren, das kann man nur weiterempfehlen. Die richtige Mischung g aus Taktik, Spaß und unkompliziertem Spiel!
Macht einfach Freude",das-kleine-tac,https://www.jugglux.ch/spiele-und-geschenke/brettspiele/familienspiele/das-kleine-tac.html,https://www.jugglux.ch/media/image/b8/8b/1a/Das-kleine-TAC-4260169890201_600x600.jpg
2026-07-17,17. Juli 2026,Raum der Impulse Handpan,5.0,Tolle Kindheitserinnerungen,"Ich bin hoch er freut, dass es diesen Artikel immer noch gibt, superflotter Lieferservice, sehr sympathisch, gerne wieder.",modellbogen-schloss-sargans,https://www.jugglux.ch/experimente-und-magie/bastelbogen-und-modellbogen/modellbogen/modellbogen-schloss-sargans.html,https://www.jugglux.ch/media/image/74/11/d3/modellbogen-schloss-sargans-270583-46648_600x600.jpg
2026-07-13,13. Juli 2026,Sandra,5.0,Top Service,Ich habe den Artikel online bestellt und konnte ihn am nächsten Tag im Laden abholen. Es hat alles super geklappt.,gravitrax-erweiterung-spirale,https://www.jugglux.ch/kurioses-und-kultiges/murmeln-und-zubehoer/kugelbahnen/gravitrax-erweiterung-spirale.html,https://www.jugglux.ch/media/image/a6/ce/77/gravitrax-erweiterung-spirale-219892-45161_600x600.jpg
2026-07-09,9. Juli 2026,Steph,5.0,Top !,"Super, (noch) besser als erwartet.",fidgnetics-magnetische-sensorik-kugeln-set-mit-6-stueck-gruen-blau,https://www.jugglux.ch/kurioses-und-kultiges/kleinigkeiten-und-verspieltes/beruehren-und-fuehlen/fidgnetics-magnetische-sensorik-kugeln-set-mit-6-stueck-gruen-blau.html,https://www.jugglux.ch/media/image/93/fd/b1/FidgNetics-magnetische-Sensorik-Kugeln-gr-n-blau-4260612176517_600x600.jpg
2026-07-09,9. Juli 2026,Steph,1.0,Enttàuschend,"Sehr schwergängig, deshalb leider keine Spur vom beworbenen ""stundenlangen, fesselnden Spass"": Nach wenigen Augenblicken legt man den Orb frustriert zur Seite, das erhoffte ""Gehirnkitzeln"" bleibt komplett aus.
""Leicht und angenehm in der Hand"" - meiner Meinung nach ZU leicht, das Plastik ist sehr warm und daher für mich nicht angenehm. Die Idee und Struktur sind gut - tatsächlich hätte ich gern eine leichtgängige, schwerere und angenehm kühle Metallversion, für die wahrscheinlich nicht nur ich gern mehr bezahlen würde.",orb-fidget-gear-ball-der-verwandlungskuenstler,https://www.jugglux.ch/kurioses-und-kultiges/kleinigkeiten-und-verspieltes/beruehren-und-fuehlen/orb-fidget-gear-ball-der-verwandlungskuenstler.html,https://www.jugglux.ch/media/image/cd/01/05/Orb-Fidget-Der-Verwandlungsk-nstler-4260612176807_600x600.jpg
2026-07-07,7. Juli 2026,Sarina,5.0,super preiswert,,set-mit-100-spielfiguren-in-4-farben,https://www.jugglux.ch/spiele-und-geschenke/spielmaterial/spielfiguren-halmakegel/set-mit-100-spielfiguren-in-4-farben.html,https://www.jugglux.ch/media/image/95/a4/8d/satz-aus-100-spielfiguren-in-4-farben_600x600.jpg
2026-07-07,7. Juli 2026,Sarina,5.0,klein & handlich,,wuerfel-8mm-preis-pro-stk-zufaellige-farbe,https://www.jugglux.ch/spiele-und-geschenke/wuerfel-fuer-spiele/wuerfel-mit-6-flaechen/wuerfel-8mm-preis-pro-stk-zufaellige-farbe.html,https://www.jugglux.ch/media/image/0f/f8/6d/W-rfel-8mm-Preis-pro-Stk_600x600.jpg
2026-07-05,5. Juli 2026,Maja,5.0,Kusspüppchen,"Schnell eingetroffen und genau wie auf dem Bild. Danke, bin sehr zufrieden.",kusspuppen-blau-weiss,https://www.jugglux.ch/experimente-und-magie/physikspiele-und-co/magnetische-spiele/kusspuppen-blau-weiss.html,https://www.jugglux.ch/media/image/ac/ef/dc/kusspuppen-blau-weiss-232067-41797_600x600.jpg
2026-07-03,3. Juli 2026,Andrea,5.0,qualitativ hochwertige Verarbeitung & einfache Montage,"Die Verankerungsplatte ist leicht zu montieren, äusserst stabil und hochwertig verarbeitet. Dank dem Silikonschutz, ist der Karabiner geschützt und es entstehen weder Reibung noch unangenehme Geräusche. Ich habe mehrere Verankerungsplatten getestet - Diese ist mein Favorit. Sie ist durchdacht und elegant gestaltet.",verankerungsplatte-in-weiss-fuer-holzdecken,https://www.jugglux.ch/jonglieren-und-artistik/artistik-medien-und-zirkusartikel/trapez/verankerungsplatte-in-weiss-fuer-holzdecken.html,https://www.jugglux.ch/media/image/ab/6d/c6/verankerungsplatte-in-weiss-fur-holzdecken-258967-46475_600x600.jpg
2026-07-02,2. Juli 2026,Bri,5.0,Super Spiel zum Mitnehmen und auf viele verschiedenen Arten spielen,"Das Spiel macht bei uns allen Spass. Outdoor wie indoor gut zu gebrauchen, sehr schön verarbeitet.",maya-flya-yippiyappa-wurfspiel-mit-hackysack,https://www.jugglux.ch/outdoor-und-freizeit/outdoor-und-gartenspiele/crossboccia-und-crossboule/maya-flya-yippiyappa-wurfspiel-mit-hackysack.html,https://www.jugglux.ch/media/image/06/db/e6/Maya-Flya-YippiYappa-Wurfspiel-mit-Hackysack_600x600.jpg
2026-07-01,1. Juli 2026,Doris Schmutz Halbeisen,5.0,Sehr rasche Zustellung! Flexible unkomplizierte zu Änderung der Zustelladresse,top,flutschie-glitzer-wasserschlange,https://www.jugglux.ch/kurioses-und-kultiges/kleinigkeiten-und-verspieltes/flutschie-schleimi-und-klebriges/flutschie-glitzer-wasserschlange.html,https://www.jugglux.ch/media/image/00/40/f6/Flutschie-Glitzer-Wasserschlange-5021813200413_600x600.jpg
2026-07-01,1. Juli 2026,Noirjean,5.0,Pierre carambole,Bonne qualité et livraison rapide dR8SG,original-carambole-steine-standard-aus-kunststoff,https://www.jugglux.ch/spiele-und-geschenke/gesellschaftsspiele/carambole-brett-und-zubehoer/original-carambole-steine-standard-aus-kunststoff.html,https://www.jugglux.ch/media/image/44/c0/36/original-carambole-steine-standard-aus-kunststoff-222767-37453_600x600.jpg
2026-06-30,30. Juni 2026,Elisabeth,5.0,Läuft!,"Der Einbau war super einfach. Das Material der Schlaufen ist sehr angenehm. Das beste aber sind die Wirbel, sie sind sehr leichtgängig und Orbitals gehen damit wunderbar. Klare Empfehlung.",flowleash-plus-fuer-podpois-paar,https://www.jugglux.ch/jonglieren-und-artistik/poi-leuchtpoi-levistick-und-zubehoer/zubehoer-fuer-poi/flowleash-plus-fuer-podpois-paar.html,https://www.jugglux.ch/media/image/ca/b8/3d/poi-flow-leash-plus-pair-smithy-floop-handle-set_flowtoys_no-washer_600x600.jpg
2026-06-30,30. Juni 2026,Elisabeth,5.0,Sehr angenehm!,"Ich finde diese Schlaufen super und nutze sie für fast alle meine Pois. Das Material ist weich und sehr angenehm, auch nach langem spielen reibt nichts. Sie sind ein kleines bisschen dehnbar, insgesamt aber fest und halten gut was aus.",flowleash-handles-paar,https://www.jugglux.ch/jonglieren-und-artistik/poi-leuchtpoi-levistick-und-zubehoer/zubehoer-fuer-poi/flowleash-handles-paar.html,https://www.jugglux.ch/media/image/b8/db/3e/flowleash-handles-paar-235640-45042_600x600.png
2026-06-27,27. Juni 2026,,4.5,Grosse Begeisterung!,"Mein 9-Jähriger ist sehr begeistert und konnte bereits einen Grossteil des Bausatzes selbständig zusammensetzen und die Mechanismen nachvollziehen. Nur einmal ist etwas abgebrochen, das wieder geleimt werden konnte. Ich würde es wieder kaufen.",ugears-holzbausatz-harry-potter-quidditch-pinball,https://www.jugglux.ch/experimente-und-magie/mechanische-holzbausaetze/ugears-mechanische-holzmodelle/ugears-holzbausatz-harry-potter-quidditch-pinball.html,https://www.jugglux.ch/media/image/b1/01/55/Ugears-Holzbausatz-Harry-Potter-Quidditch-Pinball-4820184121980_600x600.jpg
2026-06-24,24. Juni 2026,Heiko,5.0,tip top,,hybrid-ball-sil-x-75mm-weiss-150g,https://www.jugglux.ch/jonglieren-und-artistik/baelle-zum-jonglieren/jonglierbaelle-aus-kunststoff/hybrid-baelle/hybrid-ball-sil-x-75mm-weiss-150g.html,https://www.jugglux.ch/media/image/ac/b5/6c/hybrid-ball-sil-x-75mm-weiss-252166-46140_600x600.jpg
2026-06-21,21. Juni 2026,Janine,5.0,Witziges Versteck,"Kleines Gadget um einen Gutschein originell zu verstecken. Das Rätsel ist nicht so schwierig, wie die Beschreibung den Anschein machte!",trickkiste-iq-test-bambus-safe-2,https://www.jugglux.ch/spiele-und-geschenke/knobel-und-geduldspiele/geduldspiele-aus-holz/trickkiste-iq-test-bambus-safe-2.html,https://www.jugglux.ch/media/image/47/4e/7e/iq-test-bambus-safe-2-228092-43968_600x600.jpg
2026-06-21,21. Juni 2026,giuli,5.0,stressreduzierend,"Für mich als erwachsene Autistin ist der Tangle ideal, um während der Arbeit oder im öffentlichen Raum meinen Stresspegel zu reduzieren.",tangle-braintools-imagine,https://www.jugglux.ch/outdoor-und-freizeit/fidget-toys/tangle-fidget-toy/tangle-braintools-imagine.html,https://www.jugglux.ch/media/image/15/69/ea/Tangle-mit-weicher-Gummi-Oberfl-che-und-Noppen-723459134064_600x600.jpg
2026-06-19,19. Juni 2026,ShuGuang,5.0,Sauberkugel,Ich habe immer sehr viele Brösmeli und kleinen Dreck in meiner Tasche - diese Kugel funktioniert echt nicht schlecht und lässt sich auch prima putzen.,sauberkugel-petrol,https://www.jugglux.ch/kurioses-und-kultiges/kleinigkeiten-und-verspieltes/gag-baelle-und-spezial-baelle/sauberkugel-petrol.html,https://www.jugglux.ch/media/image/77/27/37/sauberkugel-petrol-244401-45825_600x600.jpg
2026-06-17,17. Juni 2026,Simon,5.0,Tiptop!,Schneller Versand und sehr gute Qualität – Bin sehr zufrieden!,contact-poi-pro-rot,https://www.jugglux.ch/jonglieren-und-artistik/poi-leuchtpoi-levistick-und-zubehoer/contact-poi-und-flags/contact-poi-pro-rot.html,https://www.jugglux.ch/media/image/32/d5/b2/Contact-Poi-Pro-rot_600x600.jpg
2026-06-16,16. Juni 2026,Josephine,5.0,"Guter Squishy aber schlecht verpackt, darum schnell kaputt.","Der Squishy ist der Hammer! Meine Schüler und Schülerinnen lieben ihn.
Nur leider wird er mit einem Schild geliefert, das durch den oberen Teil der Erdbeere getackert ist. Dadurch entstehen Löcher und der erste ist nach 2h kaputt gewesen und ein zweiter verliert auch schon Füllung.
Schade...",squeezy-erdbeere,https://www.jugglux.ch/kurioses-und-kultiges/kleinigkeiten-und-verspieltes/gag-baelle-und-spezial-baelle/squeezy-erdbeere.html,https://www.jugglux.ch/media/image/fd/c9/a1/squeezy-erdbeere-292673-48261_600x600.jpg
2026-06-16,16. Juni 2026,-,5.0,sehr toll,,trumpf-quartett-staedte-metropolen-der-welt,https://www.jugglux.ch/spiele-und-geschenke/kartenspiele/quartett/trumpf-quartett-staedte-metropolen-der-welt.html,https://www.jugglux.ch/media/image/a9/13/51/Trumpf-Quartett-St-dte-Metropolen-der-Welt-0714118691660_600x600.jpg
2026-06-16,16. Juni 2026,-,5.0,sehr toll,,trumpf-quartett-ferne-laender,https://www.jugglux.ch/spiele-und-geschenke/kartenspiele/quartett/trumpf-quartett-ferne-laender.html,https://www.jugglux.ch/media/image/7f/97/fc/Ferne-L-nder-Quartett-0746760270818_600x600.jpg
2026-06-15,15. Juni 2026,Heinz,5.0,"Abwechslungsreiches, nicht kompliziertes Spiel",Sehr wertige Ausführung,chromino-refresh,https://www.jugglux.ch/spiele-und-geschenke/brettspiele/familienspiele/chromino-refresh.html,https://www.jugglux.ch/media/image/a8/72/7b/3558380108092_600x600.jpg
2026-06-13,13. Juni 2026,Andrea,5.0,Sehr flexibel und schnell aufgebaut,"Egal ob Wohnzimmer, Garten oder Balkon- wir haben ihn schon überall hingestellt. Nimmt nicht viel Platz weg, ist stabil und schnell zusammen und auseinandergesetzt bzw. teilweise gesteckt.",fiji-gestell-fuer-haengesessel,https://www.jugglux.ch/outdoor-und-freizeit/haengematten/gestelle-und-befestigungen/fiji-gestell-fuer-haengesessel.html,https://www.jugglux.ch/media/image/26/f0/c3/Stahl-Gestell-f-r-H-ngesessel-Fiji-4025122956871_600x600.jpg
2026-06-13,13. Juni 2026,Andrea,5.0,Super Kauf!,Wir lieben den Hängesessel und der Sohn möchte kein anderen mehr. Super zum Entspannen!,haengesessel-cumbia-organic-agave-comfort-size,https://www.jugglux.ch/outdoor-und-freizeit/haengematten/haengestuehle/haengesessel-cumbia-organic-agave-comfort-size.html,https://www.jugglux.ch/media/image/cd/91/bb/H-ngesessel-Cumbia-Organic-Agave-Comfort-Size-4025122954181_600x600.jpg
2026-06-12,12. Juni 2026,Dani,5.0,Kräftiges UV-Licht,"Sehr helle LED's, robustes Gehäuse und Batteriebetrieb. Preis Leistung stimmt, immer einsatzbereit",uv-schwarzlicht-led-taschenlampe-blacklight,https://www.jugglux.ch/experimente-und-magie/physikspiele-und-co/uv-lampen/uv-schwarzlicht-led-taschenlampe-blacklight.html,https://www.jugglux.ch/media/image/29/87/98/uv-schwarzlicht-led-taschenlampe-blacklight-233330-45381_600x600.jpg
2026-06-11,11. Juni 2026,Roland,5.0,Hat alles super geklappt. Sehr schnelle Lieferung und TOP-Qualität,Gerne wieder,devilstick-grip-der-haftende-orange,https://www.jugglux.ch/jonglieren-und-artistik/flowersticks-devilsticks-buugeng/devilsticks-grip/devilstick-grip-der-haftende-orange.html,https://www.jugglux.ch/media/image/5f/31/d1/devilstick-grip-der-haftende-orange-233404-20214_600x600.jpg
2026-06-11,11. Juni 2026,Christian Helbling,5.0,Super Falträtsel,Gute Rätsel in verschiedenen Schwierigkeitsstufen für die ganze Familie :),foldology-das-origami-raetselspiel,https://www.jugglux.ch/spiele-und-geschenke/brettspiele/lernspiele-und-quiz-spiele/foldology-das-origami-raetselspiel.html,https://www.jugglux.ch/media/image/cb/99/70/Foldology-Das-Origami-R-tselspiel-4007742184919_600x600.jpg
2026-06-10,10. Juni 2026,Beatrix,5.0,Lieferung folgte super schnell. Mega.... Vielen Dank.,,wuerfel-mit-zahlen-1-3-groesse-16mm,https://www.jugglux.ch/spiele-und-geschenke/wuerfel-fuer-spiele/wuerfel-mit-6-flaechen/wuerfel-mit-zahlen-1-3-groesse-16mm.html,https://www.jugglux.ch/media/image/b4/3f/ab/wurfel-mit-zahlen-1-3-grosse-16mm-225481-41964_600x600.jpg
2026-06-06,6. Juni 2026,Angela,5.0,Super schnelle Lieferung und einfache Bestellung und Zahlung. Top!,"Ich war so froh, hatte es noch zwei Plapparagei-Spiele an Lager. Im normalen Handel im Moment nicht mehr erhältlich.",plapparagei-das-lustige-wortspiel,https://www.jugglux.ch/spiele-und-geschenke/kartenspiele/kartenspiele-fuer-kinder/plapparagei-das-lustige-wortspiel.html,https://www.jugglux.ch/media/image/f8/2f/42/plapparagei-das-lustige-wortspiel-246403-45782_600x600.jpg
2026-06-04,4. Juni 2026,,5.0,Meine Kids sind begeistert,,seifenblasen-fluessigkeit-5-liter-fuer-grosse-seifenblasen,https://www.jugglux.ch/kurioses-und-kultiges/seifenblasen-pustefix-und-zauberseife/zauberseife-riesen-seifenblasen/seifenblasen-fluessigkeit-5-liter-fuer-grosse-seifenblasen.html,https://www.jugglux.ch/media/image/67/c7/ea/seifenblasen-flussigkeit-5-liter-fur-grosse-seifenblasen-43113_600x600.jpg
2026-06-01,1. Juni 2026,Niggi,5.0,Die Steine sind sehr gut.,Trotz irrtümlich gewählter Abholung per Post versendet. Super vielen Dank.,original-carambole-steine-standard-aus-kunststoff,https://www.jugglux.ch/spiele-und-geschenke/gesellschaftsspiele/carambole-brett-und-zubehoer/original-carambole-steine-standard-aus-kunststoff.html,https://www.jugglux.ch/media/image/44/c0/36/original-carambole-steine-standard-aus-kunststoff-222767-37453_600x600.jpg
2026-04-30,30. April 2026,Nadja,5.0,"Top Service, tolles Produkt und einfaches Zusammenbauen","Schin das Stöbern auf der Webseite macht Lust, sich was Neues anzueignen. Wenn das Gekaufte dann da ist, wird mit lustigen Tipps und genauen Infos aus einfachem Text und detaillierten Bildern das Zusammenbauen zum Kinderspiel. Das Produkt ist qualitativ hochwertig und alle Ersatzteile kostengünstig. Love it",qu-ax-professional-einrad-20-zoll-chrom,https://www.jugglux.ch/outdoor-und-freizeit/einrad-und-zubehoer/20-zoll-einraeder-qu-ax/qu-ax-professional-einrad-20-zoll-chrom.html,https://www.jugglux.ch/media/image/03/4a/e6/qu-ax-professional-einrad-20-zoll-chrom-239055-45031_600x600.jpg
2026-04-27,27. April 2026,philipp zehnder,5.0,hosensackdrache,alles tip-top,sleddy-rainbow-hosensackdrache-der-kinderdrache,https://www.jugglux.ch/outdoor-und-freizeit/drachen-und-zubehoer/kinderdrachen/sleddy-rainbow-hosensackdrache-der-kinderdrache.html,https://www.jugglux.ch/media/image/89/1e/f6/sleddy-rainbow-hosensackdrache-der-kinderdrache-236508-35971_600x600.jpg
2026-04-27,27. April 2026,Sarah,5.0,tiptop,,clownnase-schaumstoff-rot-4er-set,https://www.jugglux.ch/schminke-und-buehne/clownnasen/clownnase-schaumstoff-rot-4er-set.html,https://www.jugglux.ch/media/image/g0/75/a9/Clownnase-Schaumstoff-rot-4er-Set-4041762196514_600x600.jpg
2026-04-27,27. April 2026,Sarah,5.0,tiptop,,clownnase-schaumstoff-rot,https://www.jugglux.ch/schminke-und-buehne/clownnasen/clownnase-schaumstoff-rot.html,https://www.jugglux.ch/media/image/b9/61/da/Clownnase-rot-aus-Schaumstoff-Durchmesser-ca-5cm_600x600.jpg
2026-04-27,27. April 2026,Sarah,5.0,"sehr schöne Farben, leichte Tücher",,jongliertuch-6er-set-mit-6-verschiedenen-farben,https://www.jugglux.ch/jonglieren-und-artistik/jonglier-ringe-teller-tuecher/jonglier-tuecher/jongliertuch-6er-set-mit-6-verschiedenen-farben.html,https://www.jugglux.ch/media/image/54/8b/ca/jongliertuch-6er-set-mit-6-verschiedenen-farben-235083-39980_600x600.jpg
2026-04-27,27. April 2026,WUNDERTOLLSINNLOS,5.0,Verkaufsschlager,"Seit mehreren Jahren bereits Kunde um personalisierte Tischbomben für meine Kunden herzustellen. Funktionieren immer top. Und Jugglux ist unkompliziert, schnell und Kundennah. Nur zu empfehlen.",tischbombe-leer-klein-max-70g-einfuellen,https://www.jugglux.ch/spiele-und-geschenke/geschenkideen/leere-tischbomben/tischbombe-leer-klein-max-70g-einfuellen.html,https://www.jugglux.ch/media/image/5b/98/b1/tischbombe-leer-klein-max-70g-einfullen-220053-20911_600x600.jpg
2026-04-26,26. April 2026,Pött,4.5,bewertung,Mal was anderes . Nur die Tier Karten find ich unpassend .,schnurrbart-quartett,https://www.jugglux.ch/spiele-und-geschenke/kartenspiele/quartett/schnurrbart-quartett.html,https://www.jugglux.ch/media/image/ae/17/45/schnurrbart-quartett-228962-44682_600x600.jpg
2026-04-26,26. April 2026,Pött,3.5,bewertung,"Schöne Zeichnungen , aber die Helden sind nicht so Quartett tauglich",unnuetze-superhelden-quartett,https://www.jugglux.ch/spiele-und-geschenke/kartenspiele/quartett/unnuetze-superhelden-quartett.html,https://www.jugglux.ch/media/image/9c/g0/12/unnutze-superhelden-quartett-228969-44684_600x600.jpg
2026-04-26,26. April 2026,Pött,4.5,Quartett,Tyrannen Quartette sind immer toll und spannend zu spielen,weltquartett-tyrannen-4,https://www.jugglux.ch/spiele-und-geschenke/kartenspiele/quartett/weltquartett-tyrannen-4.html,https://www.jugglux.ch/media/image/1d/a6/f7/weltquartett-tyrannen-4-224708-40960_600x600.png
2026-04-23,23. April 2026,Renato,5.0,Funktioniert!,"Macht Spass, Preis-Leistung stimmt.",pustekreisel-blow-spinner,https://www.jugglux.ch/experimente-und-magie/physikspiele-und-co/kreisel-und-gyroscope/pustekreisel-blow-spinner.html,https://www.jugglux.ch/media/image/11/db/6c/pustekreisel-blow-spinner-232859-43706_600x600.jpg
2026-04-23,23. April 2026,Renato,3.5,"Toll, aber...",Das Teil macht Spass sieht aber nicht annähernd so aus wie auf den Bildern. Für den Preis habe ich etwas mehr erwartet.,flipoflip-orion-flip-edelstein,https://www.jugglux.ch/outdoor-und-freizeit/fidget-toys/flip-und-fidget-stick/flipoflip-orion-flip-edelstein.html,https://www.jugglux.ch/media/image/b7/01/67/Flipoflip-Fidget-Toy-Flip-Edelstein-Orion_600x600.jpg
2026-04-20,20. April 2026,Esther,1.0,Geplatzt,Sehr toll und super angenehm. Leider nach wenigen Tagen schon geplatzt. Ist wohl nur für sehr sorgfältiges kneten geeignet.,flutschi-ball-uni-quetschball-mit-wasserperlen-7cm,https://www.jugglux.ch/kurioses-und-kultiges/kleinigkeiten-und-verspieltes/beruehren-und-fuehlen/flutschi-ball-uni-quetschball-mit-wasserperlen-7cm.html,https://www.jugglux.ch/media/image/4e/7e/42/Flutschi-Ball-uni-Quetschball-mit-Wasserperlen-4018587753000_600x600.jpg
2026-04-20,20. April 2026,Esther,0.5,Nach 2 Tagen kaputt,Nach 2 Tagen hat sich durch normales kneten die Naht am Verschluss abgelöst und die kleinen Bälle aus dem inneren treten aus. Schade.,dna-ball-knautschball-mit-kugeln-im-innern,https://www.jugglux.ch/kurioses-und-kultiges/kleinigkeiten-und-verspieltes/gag-baelle-und-spezial-baelle/dna-ball-knautschball-mit-kugeln-im-innern.html,https://www.jugglux.ch/media/image/82/75/3b/dna-ball-knautschball-mit-kugeln-im-innern-219922-45223_600x600.jpg
2026-04-18,18. April 2026,Sarah,5.0,Super!,Super mit Etui! Toll zum spielen und magnetisch ‚ mag ich!,pink,https://www.jugglux.ch/kurioses-und-kultiges/kleinigkeiten-und-verspieltes/beruehren-und-fuehlen/fidgnetics-magnetische-sensorik-kugeln-set-mit-6-stueck-gruen/pink.html,https://www.jugglux.ch/media/image/7e/02/f2/FidgNetics-magnetische-Sensorik-Kugeln-Set-mit-6-St-ck-4260612176517_600x600.jpg
2026-04-18,18. April 2026,Sarah,5.0,Schön stachelig,"Super stachelig was ich sehr mag, sensorisch super!",magnetischer-igelball-3-2cm-gold-massageball-und-skilltoy,https://www.jugglux.ch/kurioses-und-kultiges/kleinigkeiten-und-verspieltes/beruehren-und-fuehlen/magnetischer-igelball-3-2cm-gold-massageball-und-skilltoy.html,https://www.jugglux.ch/media/image/27/58/b1/Magnetischer-Igelball-gold-Massageball-und-Skilltoy_600x600.jpg
2026-04-18,18. April 2026,Sarah,5.0,Super,"Hat mir sehr gut gefallen, perfekt für lange Autofahrten und zum spielen mit der Knete.",intellimass-anti-stress-knete-orange,https://www.jugglux.ch/kurioses-und-kultiges/kleinigkeiten-und-verspieltes/intelligente-knete/intellimass-anti-stress-knete-orange.html,https://www.jugglux.ch/media/image/ec/3c/86/IntelliMass-Anti-Stress-Knete-orange-8594164763120_600x600.jpg
2026-04-18,18. April 2026,Sarah,2.0,Für mich unangenehm,"Leider sind es „richtige“ Steine, die aneinander knirschen, was ich persönlich überhaupt nicht mag. Wie schon bei einer anderen Bewertung erwähnt, ist es nicht prall gefüllt und man kann nicht so richtig drücken.",squeezy-ball-sensorik-ball-mit-perlen-im-innern,https://www.jugglux.ch/kurioses-und-kultiges/kleinigkeiten-und-verspieltes/beruehren-und-fuehlen/squeezy-ball-sensorik-ball-mit-perlen-im-innern.html,https://www.jugglux.ch/media/image/e0/7f/d6/Squeezy-Ball-Sensorik-Ball-mit-Perlen-im-Innern-8711866246366_5_600x600.jpg
2026-04-16,16. April 2026,Marc Richard,5.0,Schöne farben in passender Grösse,"Der Artikel sieht sehr schön aus.
Das Kugellager ist super.
Leider Unwucht, es braucht dann also ziemlich Wind, bis die Blume dreht. Auch beim Drehen ist dann die Unwucht ein Nachteil.",metall-windspiel-einzelne-blume-multi-color,https://www.jugglux.ch/outdoor-und-freizeit/windspiele/windspiele-aus-metall/metall-windspiel-einzelne-blume-multi-color.html,https://www.jugglux.ch/media/image/f7/91/a1/Metall-Windspiel-Einzelne-Blume-multi-color-4031169353009_3_600x600.jpg
2026-04-15,15. April 2026,Simon Jöhr,4.0,Edles Yoyo aus Holz,"Preis Leistung top, passt",edles-yoyo-aus-holz,https://www.jugglux.ch/outdoor-und-freizeit/yoyo-shop/yoyos-aus-holz/edles-yoyo-aus-holz.html,https://www.jugglux.ch/media/image/c3/2b/d9/Edles-Yoyo-aus-Holz-9120008643786_600x600.jpg
2026-04-15,15. April 2026,Simon Jöhr,1.5,Freilauf Yoyo mit LED,sehr bastlerisch...,freilauf-yoyo-mit-led,https://www.jugglux.ch/outdoor-und-freizeit/yoyo-shop/freilauf-yoyos/freilauf-yoyo-mit-led.html,https://www.jugglux.ch/media/image/8e/13/6c/freilauf-yoyo-mit-led-264707-46848_600x600.jpg
2026-04-15,15. April 2026,Simon Jöhr,5.0,YoYo Viper mit Kugellager - blau,sehr cool funktioniert und macht Spass. Aber auch preislich eher hoch,yoyo-viper-mit-kugellager-blau,https://www.jugglux.ch/outdoor-und-freizeit/yoyo-shop/freilauf-yoyos/yoyo-viper-mit-kugellager-blau.html,https://www.jugglux.ch/media/image/02/c4/f0/yoyo-viper-mit-kugellager-blau-236482-35890_600x600.png
2026-04-15,15. April 2026,Simon Jöhr,1.5,Yoyofactory Replay Pro Fire Marble,"Die Schnur, welche dazu geliefert wird ist nicht sehr geeignet. Zudem ist der Freilauf zu fein eingestellt, bzw. zu grob, läuft fast nur frei und ist schwierig zu bedienen. Muss auch viel mehr zusammengedreht werden als angegeben, damit es einigermassen funktioniert.",yoyofactory-replay-pro-fire-marble,https://www.jugglux.ch/outdoor-und-freizeit/yoyo-shop/freilauf-yoyos/yoyofactory-replay-pro-fire-marble.html,https://www.jugglux.ch/media/image/e9/df/9a/yoyofactory-replay-pro-fire-marble-245966-39757_600x600.jpg
2026-04-14,14. April 2026,Nina,5.0,100% zufrieden,Ich habe den Bravo Lunastick - Eclipse Berlin Weiss Fluo gekauft und bin sehr sehr zufrieden! Die Verarbeitung ist super und sieht genau so toll aus wie auf dem Foto!,bravo-lunastick-eclipse-berlin-weiss-fluo,https://www.jugglux.ch/jonglieren-und-artistik/flowersticks-devilsticks-buugeng/lunastix-und-flowersticks/bravo-lunastick-eclipse-berlin-weiss-fluo.html,https://www.jugglux.ch/media/image/87/70/98/bravo-lunastick-eclipse-berlin-weiss-fluo-235488-43129_600x600.jpg
2026-04-14,14. April 2026,Pött,5.0,Macht Spass,"Wusste garn nicht das es so viele "" Böse Frauen "" gab .",weltquartett-tyranninnen,https://www.jugglux.ch/spiele-und-geschenke/kartenspiele/quartett/weltquartett-tyranninnen.html,https://www.jugglux.ch/media/image/ea/64/ed/weltquartett-tyranninnen-223817-39164_600x600.png
2026-04-14,14. April 2026,Pött,5.0,Quartett,"Gute Bilder ,Lehrreich und unterhaltsam",kuriose-kreaturen-quartett,https://www.jugglux.ch/spiele-und-geschenke/kartenspiele/quartett/kuriose-kreaturen-quartett.html,https://www.jugglux.ch/media/image/a3/2a/ae/kuriose-kreaturen-quartett-223678-38938_600x600.jpg
2026-04-14,14. April 2026,Pött,5.0,Quartett,"Super Idee ,macht spass . Mal was anderes",testbild-quartett,https://www.jugglux.ch/spiele-und-geschenke/kartenspiele/quartett/testbild-quartett.html,https://www.jugglux.ch/media/image/60/a1/e5/testbild-quartett-223695-38943_600x600.jpg
2026-04-14,14. April 2026,LK,5.0,"Gute Qualität, für Kinder top","Unser 11-jähriges Kind hat mit diesen Beanbags jonglieren gelernt, werden täglich genutzt. Gute Qualität, sehr angenehme Oberfläche und passendes Gewicht für Kinderhände.",beanbag-junior-4farbig-beach,https://www.jugglux.ch/jonglieren-und-artistik/baelle-zum-jonglieren/jonglierbaelle-zum-trainieren/jonglierball-beanbag-60g/beanbag-junior-4farbig-beach.html,https://www.jugglux.ch/media/image/30/a9/9d/beanbag-junior-4farbig-beach-233643-20510_600x600.jpg
2026-04-12,12. April 2026,Corina,5.0,Tiptop,Genau so wie ich es erwartet habe... sehr schnelle Lieferung - merci,fiberglas-gewickelt-1.6mm-200cm-naturfarben,https://www.jugglux.ch/outdoor-und-freizeit/drachen-und-zubehoer/zubehoer-fuer-drachen/fiberglas-staebe/fiberglas-gewickelt-1.6mm-200cm-naturfarben.html,https://www.jugglux.ch/media/image/eb/8a/0a/Fiberglas-gewickelt-2m-naturfarben-4041642130263_600x600.jpg
2026-04-10,10. April 2026,Lisamaria,5.0,Vielen Dank!,"Ich war lange auf der Suche nach diesem Devil-Stick. Vielen Dank, dass ihr ihn wieder im Sortiment habt. Die konische Alternative ist mit diesem Stab nicht zu vergleichen!",fire-flower-kick-stick-gora-exkl.-handstaebe,https://www.jugglux.ch/jonglieren-und-artistik/feuerartikel-und-zubehoer/feuer-lunasticks/fire-flower-kick-stick-gora-exkl.-handstaebe.html,https://www.jugglux.ch/media/image/3f/27/b1/fire-flower-kick-stick-gora-exkl-handstabe-234154-31496_600x600.jpg
2026-04-07,7. April 2026,,5.0,Einfach und unkompliziert,"Tolle Beschäftigung für Zwischendurch für Jung und Alt. Ich habe wegen dem Liefertermin der Online-Bestellung telefoniert, weil ich die Lieferung am Ostersamstag benötigt habe. Sehr freundlich und problemlose Abwicklung der Bestellung und Zahlung. Ich habe sicherlich nicht das letzte Mal hier eingekauft.",metall-geduldspiel,https://www.jugglux.ch/spiele-und-geschenke/knobel-und-geduldspiele/knobelspiele-aus-metall/metall-geduldspiel.html,https://www.jugglux.ch/media/image/e6/21/82/metall-geduldspiel-225058-41476_600x600.jpg
2026-04-05,5. April 2026,Bettina Schutz,5.0,Super,Wir hatten Glück und konnten den Drachen sofort ausprobieren. Unser Sohn ist begeistert und freut sich schon auf den nächsten Flug.,delta-charly-kinderdrache-als-froehlicher-rabe,https://www.jugglux.ch/outdoor-und-freizeit/drachen-und-zubehoer/kinderdrachen/delta-charly-kinderdrache-als-froehlicher-rabe.html,https://www.jugglux.ch/media/image/8f/10/ba/delta-charly-kinderdrache-als-frohlicher-rabe-235790-30247_600x600.jpg
2026-04-05,5. April 2026,Tinu,5.0,Sehr schön,bin absolut begeistert von den 8 Ball Magic Playing Cards. Das Design ist ein echter Hingucker,8-ball-magic-playing-cards,https://www.jugglux.ch/experimente-und-magie/zauberartikel-shop/cardistry-karten/8-ball-magic-playing-cards.html,https://www.jugglux.ch/media/image/2b/96/00/8-Ball-Magic-Playing-Cards-770000049764249764_600x600.jpg
2026-04-04,4. April 2026,Emmanuel Walter,1.5,Reissen schnell,"Die Dehnbarkeit lässt zu wünschen übrig, beim Aufwickeln ist das Loch immer am falschen Ort und wenn man zieht reisst es schnell. Ich traue mich nicht mehr das Teil von meinem Stab zu nehmen, die Montage ist eine Schwitzpartie.",flow-flower-kit,https://www.jugglux.ch/jonglieren-und-artistik/poi-leuchtpoi-levistick-und-zubehoer/flowtoys-staff-und-accessories/flow-flower-kit.html,https://www.jugglux.ch/media/image/90/9f/22/silicone-inertia-flower-kit-pair-rolling-contact-staff-dragon-flow_flowtoys_detail2_600x600.jpg
2025-07-27,27. Juli 2025,Haldemann,5.0,Kein Betreff,,metall-windspiel-blatt-copper-leaf-duett,https://www.jugglux.ch/outdoor-und-freizeit/windspiele/windspiele-aus-metall/metall-windspiel-blatt-copper-leaf-duett.html,https://www.jugglux.ch/media/image/d8/07/e4/metall-windspiel-blatt-copper-leaf-duett-302308-48732_600x600.jpg
2025-07-27,27. Juli 2025,Moira,5.0,Bewertung,,spielfiguren-set-aus-holz-4-farben-60stk,https://www.jugglux.ch/spiele-und-geschenke/spielmaterial/spielfiguren-halmakegel/spielfiguren-set-aus-holz-4-farben-60stk.html,https://www.jugglux.ch/media/image/c1/96/b6/IMG_0017_600x600.jpg
2025-07-26,26. Juli 2025,Alex,5.0,Great service!,Very efficient from ordering to receiving the next day!,casino-wuerfel-rot-las-vegas-19mm,https://www.jugglux.ch/spiele-und-geschenke/wuerfel-fuer-spiele/wuerfel-mit-6-flaechen/casino-wuerfel-rot-las-vegas-19mm.html,https://www.jugglux.ch/media/image/98/a3/83/casino-wurfel-rot-las-vegas-19mm-224275-40065_600x600.jpg
2025-07-21,21. Juli 2025,Sarah,5.0,Top für Funken,Erzeugt starke Funken bei genügend grosser Flamme. Die Menge passt gut. Tipp: In einen Salzstreuer füllen - so lässt sich das Pulver super gleichmäßig verteilen!,stahlpulver-steel-powder-fuer-feuereffekte-100g,https://www.jugglux.ch/jonglieren-und-artistik/feuerartikel-und-zubehoer/anzuendfluessigkeit/stahlpulver-steel-powder-fuer-feuereffekte-100g.html,https://www.jugglux.ch/media/image/25/44/f3/stahlpulver-steel-powder-fur-feuereffekte-100g-235568-43630_600x600.jpg
2025-07-21,21. Juli 2025,Sarah,5.0,Perfekt für Dragon Staff Effekte,"Das Pulver eignet sich super für den Dragon Staff, tolle Funken und gleichmäßige Effekte. Die Menge reicht locker für mehrere Sessions. Sehr zufrieden!",titan-pulver-fuer-feuereffekte-100g,https://www.jugglux.ch/jonglieren-und-artistik/feuerartikel-und-zubehoer/anzuendfluessigkeit/titan-pulver-fuer-feuereffekte-100g.html,https://www.jugglux.ch/media/image/98/96/42/titan-pulver-fur-feuereffekte-100g-235471-42970_600x600.jpg
2025-07-21,21. Juli 2025,Sarah,5.0,Tolle Effekte und gute Menge,"Das Pulver sorgt für schöne, kräftige Feuereffekte. Die Menge ist absolut ausreichend für mehrere Sessions, super Preis-Leistung!",eisen-pulver-fuer-feuereffekte-100g,https://www.jugglux.ch/jonglieren-und-artistik/feuerartikel-und-zubehoer/anzuendfluessigkeit/eisen-pulver-fuer-feuereffekte-100g.html,https://www.jugglux.ch/media/image/7b/54/e1/eisen-pulver-fur-feuereffekte-100g-235470-42968_600x600.jpg
2025-07-21,21. Juli 2025,Sarah,5.0,"Leicht, kompakt und perfekt für unterwegs!","Leicht zu transportieren und ideal zum Reisen. Hat ein bisschen Extra-Gewicht, was für mich die Balance beim Spielen perfekt macht. Super zufrieden!",contact-staff-portable-feuerstab-gora-in-3-teilen,https://www.jugglux.ch/jonglieren-und-artistik/feuerartikel-und-zubehoer/fire-staff/contact-staff-portable-feuerstab-gora-in-3-teilen.html,https://www.jugglux.ch/media/image/93/4d/42/contact-staff-portable-feuerstab-gora-in-3-teilen-234014-30289_600x600.jpg
2025-07-20,20. Juli 2025,Daniela,5.0,Lieferung und Produkt,Sehr schnelle Lieferung und das Produkt ein super Mitbringsel für kleine kreative Köpfe,plus-plus-300-kreativ-bausteine-basic,https://www.jugglux.ch/experimente-und-magie/bau-und-experimentierkasten/verschiedene-bausaetze/plus-plus-300-kreativ-bausteine-basic.html,https://www.jugglux.ch/media/image/6a/73/5f/Plus-Plus-300-Kreativ-Bausteine-Basic-5710409100465_600x600.jpg
2025-07-19,19. Juli 2025,CG,5.0,Flip Kick,"Tolles Spiel für uns, unsere Kinder und Grosskinder. Wurde wirklich am Folgetag der Bestellung geliefert.",flip-kick-der-flipper-fussballkasten,https://www.jugglux.ch/spiele-und-geschenke/brettspiele/motorikspiele/flip-kick-der-flipper-fussballkasten.html,https://www.jugglux.ch/media/image/89/f9/ea/flip-kick-der-flipper-fussballkasten-221943-35532_600x600.jpg
2025-07-18,18. Juli 2025,D. Keusch,5.0,TipTop,Sevr gut. Genau sowas habe ich gesucht als Ersatz für Rummikub-Bänkli.,domino-steine-halter,https://www.jugglux.ch/spiele-und-geschenke/brettspiele/domino/domino-steine-halter.html,https://www.jugglux.ch/media/image/e2/b8/6f/domino-steine-halter-229659-45309_600x600.jpg
2025-07-17,17. Juli 2025,Mirjam,5.0,sehr schönes Einrad,"Tolles Einrad, meine Tochter liebt es! Sehr schnelle Lieferung, alles top, gerne wieder!",qu-ax-luxus-einrad-20-zoll-himmelblau,https://www.jugglux.ch/outdoor-und-freizeit/einrad-und-zubehoer/20-zoll-einraeder-qu-ax/qu-ax-luxus-einrad-20-zoll-himmelblau.html,https://www.jugglux.ch/media/image/bb/26/3d/qu-ax-luxus-einrad-20-zoll-himmelblau-237805-42032_600x600.jpg
2025-07-16,16. Juli 2025,omar,5.0,Top Diabolo,"Ein Super Diabolo geeignet für Anfänger aber auch Fortgeschrittene,
einfach spielbar und leuchtet super im Dunklen",finesse-diabolo-phosphoreszierend-mit-kugellagerachse-moon,https://www.jugglux.ch/jonglieren-und-artistik/diabolos-und-zubehoer/diabolos-mit-kugellager/kugellager-diabolo-finesse/finesse-diabolo-phosphoreszierend-mit-kugellagerachse-moon.html,https://www.jugglux.ch/media/image/d3/65/e6/finesse-diabolo-phosphoreszierend-mit-kugellagerachse-moon-42784_600x600.jpg
2025-07-15,15. Juli 2025,Mia,3.0,"Tolles toy, aber...","Nach (starker) täglicher benutzung innerhalb von wenigen Tagen ziemlich stark eingebraucht.
Auch der Preis ist ein wenig zu hoch wegen keiner Farbauswahl.",infinity-magic-cube-universe-snake-oder-pixel,https://www.jugglux.ch/outdoor-und-freizeit/fidget-toys/infinity-cube/infinity-magic-cube-universe-snake-oder-pixel.html,https://www.jugglux.ch/media/image/6a/7e/53/77_600x600.jpg
2025-07-15,15. Juli 2025,Mia,5.0,Tolles toy!,"Ganz generell ist das ein Tolles toy auch für Erwachsene mit AuDHD oder mit Angstproblemen. Es hilft sehr es unterwegs zu haben um zu stimmen/anxiety relief.
Jedoch für 10chf doch schon ein bisschen teuer. (U.a. weil keine Farbauswahl)",tangle-marble,https://www.jugglux.ch/outdoor-und-freizeit/fidget-toys/tangle-fidget-toy/tangle-marble.html,https://www.jugglux.ch/media/image/bf/55/09/Tangle-Marble-723459025508_600x600.jpg
2025-07-13,13. Juli 2025,L,3.5,sehr gross,"angenehm, mit der zeit etwas langweilig. als schlüsselanhänger (für mich) zu gross.",simple-dimple-pop-it-schluesselanhaenger,https://www.jugglux.ch/spiele-und-geschenke/haushalt-und-gadgets/schluesselanhaenger/simple-dimple-pop-it-schluesselanhaenger.html,https://www.jugglux.ch/media/image/b8/c3/ca/simple-dimple-pop-it-schlusselanhanger-242213-45677_600x600.jpg
2025-07-13,13. Juli 2025,L,5.0,cute,"klein und süss, angenehm.",schluesselanhaenger-push-pop-bubble,https://www.jugglux.ch/spiele-und-geschenke/haushalt-und-gadgets/schluesselanhaenger/schluesselanhaenger-push-pop-bubble.html,https://www.jugglux.ch/media/image/8a/f3/fd/schlusselanhanger-push-pop-bubble-239816-45557_600x600.jpg
2025-07-13,13. Juli 2025,L,4.5,angenehm,"sehr angenehm und beruhigend. das klick-geräusch kann mit der zeit etwas nerven, bzw. mitmenschen stören aber sonst super fidget.",wacky-tracks-fidget-schlange,https://www.jugglux.ch/outdoor-und-freizeit/fidget-toys/fidget-toys-diverse/wacky-tracks-fidget-schlange.html,https://www.jugglux.ch/media/image/8d/98/b0/Wacky-Tracks-5026619652794_600x600.jpg
2025-07-12,12. Juli 2025,Makres,5.0,"Geschenk, das Freude bereitet",Tipptopp angekommen und schnelle Lieferung,gluecksklee-zuechten-geschenktopf,https://www.jugglux.ch/spiele-und-geschenke/haushalt-und-gadgets/kueche-und-haushalt/gluecksklee-zuechten-geschenktopf.html,https://www.jugglux.ch/media/image/c2/94/52/glucksklee-zuchten-geschenktopf-265928-47031_600x600.jpg
2025-07-12,12. Juli 2025,Karolina,5.0,Beginner’s jackpot.,"For my first flow experiments was this wand really great! Light and stable, with additional long string in package to try out what suits me best and for very good price!",flow-wand-original-levitation-stick-firefly,https://www.jugglux.ch/jonglieren-und-artistik/poi-leuchtpoi-levistick-und-zubehoer/levisticks-flow-wand/flow-wand-original-levitation-stick-firefly.html,https://www.jugglux.ch/media/image/b6/e4/98/Flow-Wand-Original-levitation-Stick-firefly-long-string_600x600.jpg
2025-07-08,8. Juli 2025,Zonk,4.5,Show-Diabolo,"Optisch sehr ansprechende Diabolos, eher für Vitrine oder Show. Die Henrys' mit Kugellager der selben Grösse sind glaube ich ein wenig schwerer als dieses, drehen aber stabiler. Die Kugellager Fascination Diabolos sind ok. Die Fascination Diabolos ohne Kugellager sind leider wenig empfehlenswert.",diabolo-fascination-mit-kugellager-weiss-rot,https://www.jugglux.ch/jonglieren-und-artistik/diabolos-und-zubehoer/diabolos-mit-kugellager/kugellager-diabolo-fascination/diabolo-fascination-mit-kugellager-weiss-rot.html,https://www.jugglux.ch/media/image/8d/cf/6b/diabolo-fascination-mit-kugellager-weiss-rot-234955-38700_600x600.jpg
2025-07-04,4. Juli 2025,Melanie,5.0,"Schnelle Lieferung, super Produkt","Das Ersatznetz kam innert kürzester Zeit bei uns an! Super Preis/Leistung, wir würden wieder bestellen. :)",spikeball-ersatznetz,https://www.jugglux.ch/outdoor-und-freizeit/outdoor-und-gartenspiele/spikeball/spikeball-ersatznetz.html,https://www.jugglux.ch/media/image/d6/e3/62/48822_600x600.jpg
2025-06-30,30. Juni 2025,Eva Schällibaum,5.0,Fingeraugen,"Witzig, animiert zum Spielen, für kleine Hände, Lieferung blitzschnell",fingeraugen-5cm,https://www.jugglux.ch/kurioses-und-kultiges/kleinigkeiten-und-verspieltes/krimskrams/fingeraugen-5cm.html,https://www.jugglux.ch/media/image/f5/2a/cc/Fingeraugen-5cm-verschiedene-Farben-5026619651902_600x600.jpg
2025-06-30,30. Juni 2025,Démarais Pascal,5.0,Melone,Es ist nicht einfach einen schönen Melone zu finden. Bei Jugglux gibt es und es ist super!!!,58,https://www.jugglux.ch/jonglieren-und-artistik/jonglier-hut-becher-boxen-flaschen/jonglierhuete/jonglierhut-melone-von-mister-babache-m/58.html,https://www.jugglux.ch/media/image/d7/15/75/jonglierhut-melone-von-mister-babache-m-58-233802-20682_600x600.jpg
2025-06-30,30. Juni 2025,Démarais Pascal,5.0,Melone,"Schöne Melone, gut balanciert, auch für kleinere Köpfe. Einfach super.",56,https://www.jugglux.ch/jonglieren-und-artistik/jonglier-hut-becher-boxen-flaschen/jonglierhuete/jonglierhut-melone-von-mister-babache-s/56.html,https://www.jugglux.ch/media/image/5a/75/62/jonglierhut-melone-von-mister-babache-s-56-233803-20683_600x600.jpg
2025-06-30,30. Juni 2025,Blume,5.0,Tiptop,"Schöne Würfel, gut zum zählen für kleinere Kinder",soft-wuerfel-ca.-4.5cm-1-stk,https://www.jugglux.ch/spiele-und-geschenke/wuerfel-fuer-spiele/schaumstoff-wuerfel/soft-wuerfel-ca.-4.5cm-1-stk.html,https://www.jugglux.ch/media/image/c6/f2/be/soft-wurfel-klein-zufallige-farbe-228910-44691_600x600.jpg
2025-06-29,29. Juni 2025,Janka,5.0,supertolles Windrad,"Bereits zweimal gekauft. Verspielt und schön. Gute Qualität, nicht ausgeblichen, immer noch wie neu. Ein paar Flügel haben sich gelöst beim starken Wind, darum haben wir sie angeklebt.",windrad-design-sunbeam-windrad,https://www.jugglux.ch/outdoor-und-freizeit/windspiele/windspiele-windraeder/windrad-design-sunbeam-windrad.html,https://www.jugglux.ch/media/image/76/55/b6/windrad-design-sunbeam-237719-41628_600x600.jpg
2025-06-28,28. Juni 2025,Silvia Bindt,5.0,Nimm - Gib - Kreisel,"Ein geniales Spiel! Ich brauche den Kreisel, um mit dem Knopftruckli zu Spielen. Es hat meine Nähfrauen so begeistert, dass ich gleich nochmals von den Kreisel bestellen musste :-)",nimm-gib-kreisel,https://www.jugglux.ch/experimente-und-magie/physikspiele-und-co/kreisel-und-gyroscope/nimm-gib-kreisel.html,https://www.jugglux.ch/media/image/aa/b4/46/nimm-gib-kreisel-232267-42228_600x600.jpg
2025-06-23,23. Juni 2025,Sonja,5.0,Kinderschminke Aquacolor,"Meine Kinder sind super happy damit. Schöne Farben. Gold und Silber gleich mit dabei, das finde ich ebenfalls super.",aquacolor-12er-palette-inkl-gold-und-silber,https://www.jugglux.ch/schminke-und-buehne/schminke-und-makeup/schmink-sets-und-paletten/aquacolor-12er-palette-inkl-gold-und-silber.html,https://www.jugglux.ch/media/image/f7/6a/e4/aquacolor-12er-palette-inkl-gold-und-silber-216462-42443_600x600.jpg
2025-06-21,21. Juni 2025,René,3.5,Sehr schnell,"Ich bin ein grosser Fan das grossen Bruders und habe mir deshalb den little Arrow dazugeholt.
Er fliegt sehr stabil und macht richtig Spass in der Luft.
Er ist logischerweise deutlich schwieriger alleine zu starten, als sein grosser Bruder ,da er so leicht ist, aber es geht.
Die Verarbeitsungsqualität ist super und der Aufbau ist ein Kinderspiel.",hq-little-arrow-der-speziell-schnelle-kite,https://www.jugglux.ch/outdoor-und-freizeit/drachen-und-zubehoer/lenkdrachen/hq-little-arrow-der-speziell-schnelle-kite.html,https://www.jugglux.ch/media/image/6c/f3/f2/hq-little-arrow-der-kite-fur-jugendliche-262900-46621_600x600.jpg
2025-06-20,20. Juni 2025,Janine,5.0,Faszinierend,Macht einfach total Spasss!,pustekreisel-blow-spinner,https://www.jugglux.ch/experimente-und-magie/physikspiele-und-co/kreisel-und-gyroscope/pustekreisel-blow-spinner.html,https://www.jugglux.ch/media/image/11/db/6c/pustekreisel-blow-spinner-232859-43706_600x600.jpg
2025-06-19,19. Juni 2025,sa,5.0,Absolute Empfehlung,"""Sehr freundliche Kommunikation und blitzschnelle Lieferung! Es war bereits unser zweites Kinderfest mit den Echsen, und sowohl Groß als auch Klein waren erneut begeistert. Absolute Empfehlung!""",stretch-echse,https://www.jugglux.ch/kurioses-und-kultiges/kleinigkeiten-und-verspieltes/krimskrams/stretch-echse.html,https://www.jugglux.ch/media/image/66/9a/20/stretch-echse-218316-40883_600x600.jpg
2025-06-19,19. Juni 2025,Laura Moser,2.0,Nicht so praktisch,"Der Knet ist sehr klebrig, nach kurzem Spiel hat man unzählige Mini-Mengen in den Händen, die man nicht wieder bekommt und sogar nach mehrmaligen Händewachen blieben die Hände klebrig. Für Kinder mit ASS ein no-go.",magische-durchsichtige-knete-fluessiges-glas,https://www.jugglux.ch/kurioses-und-kultiges/kleinigkeiten-und-verspieltes/intelligente-knete/magische-durchsichtige-knete-fluessiges-glas.html,https://www.jugglux.ch/media/image/dd/40/f0/magische-durchsichtige-knete-flussiges-glas-218839-42553_600x600.jpg
2025-06-14,14. Juni 2025,Sebastian,5.0,Perfektes Einsteiger-Yoyo,"Sehr gut zum Lernen der ersten Würfe und Tricks. Tadellose Verarbeitung, beiliegendes zweites Profikugellager. Gut geeignet für Kinder ab ca. 8 Jahren. Kaufempfehlung!",iyoyo-shooting-star-dunkelblau,https://www.jugglux.ch/outdoor-und-freizeit/yoyo-shop/freilauf-yoyos/iyoyo-shooting-star-dunkelblau.html,https://www.jugglux.ch/media/image/bb/ca/dc/ShootingStar-Blue-1_1024x1024_600x600.jpg
2025-06-14,14. Juni 2025,Sebastian,5.0,Perfektes Einsteiger-Yoyo,"Sehr gut zum Lernen der ersten Würfe und Tricks. Tadellose Verarbeitung, beiliegendes zweites Profikugellager. Gut geeignet für Kinder ab ca. 8 Jahren. Kaufempfehlung!",iyoyo-shooting-star-rot-schwarzer-hub,https://www.jugglux.ch/outdoor-und-freizeit/yoyo-shop/freilauf-yoyos/iyoyo-shooting-star-rot-schwarzer-hub.html,https://www.jugglux.ch/media/image/8a/76/19/iyoyo-shooting-star-rot-243606-45701_600x600.jpg
2025-06-12,12. Juni 2025,Rhea Müller,5.0,Super Flowerstick,Mein absoluter Lieblings-Flowerstick. Hat ein gutes Gewicht und weiche Zotteln. Allerdings sind die Zotteln bräunlich und nicht grün wie auf den Bildern. Trotzdem sehr schön.,bravo-lunastick-eclipse-new-york-weiss,https://www.jugglux.ch/jonglieren-und-artistik/flowersticks-devilsticks-buugeng/lunastix-und-flowersticks/bravo-lunastick-eclipse-new-york-weiss.html,https://www.jugglux.ch/media/image/3d/37/0e/bravo-lunastick-eclipse-new-york-weiss-235594-43578_600x600.jpg
2025-06-11,11. Juni 2025,Silvia,5.0,Klein aber oho,Viel Spass zum mitnehmen. Der Drachen ist auch für kleine Kinder einfach zu bedienen und braucht nicht allzu viel Wind.,pocket-sled-einhorn-der-kleine-hosensackdrache,https://www.jugglux.ch/outdoor-und-freizeit/drachen-und-zubehoer/kinderdrachen/pocket-sled-einhorn-der-kleine-hosensackdrache.html,https://www.jugglux.ch/media/image/ec/cd/d3/pocket-sled-einhorn-der-kleine-hosensackdrache-237802-42052_600x600.jpg
2025-06-11,11. Juni 2025,Silvia,4.0,"Braucht niemand, ist trotzdem witzig","Die kleinen Viecher kleben ziemlich gut, auch an der Decke... Wo sie früher oder später immer landen. Ausgerechnet an Scheiben haften sie aber ein Spürchen zu wenig, so dass sie eher hüpfen und stürzen statt zu ""laufen"". Scheint aber den Kindern auch so Spass zu machen.",einhorn-fensterlaeufer,https://www.jugglux.ch/kurioses-und-kultiges/kleinigkeiten-und-verspieltes/flutschie-schleimi-und-klebriges/einhorn-fensterlaeufer.html,https://www.jugglux.ch/media/image/a3/46/3e/Einhorn-Fensterl-ufer-8713219496893_600x600.jpg
2025-06-10,10. Juni 2025,Günther Rietmann,5.0,Dampfboot,"Schön, dass es dieses geniale Spielzeug seit über 30 Jahren noch immer gibt. Einfach in der Handhabung: Brennt die Kerze, tuckert das Blechboot nach wenigen Sekunden mit knatterndem Geräusch davon - super!",dampfboot-kerzenboot-tuktukboot-aus-blech,https://www.jugglux.ch/kurioses-und-kultiges/nostalgie-und-klassiker/blechspielzeug/dampfboot-kerzenboot-tuktukboot-aus-blech.html,https://www.jugglux.ch/media/image/c8/46/dd/dampfboot-kerzenboot-tuktukboot-aus-blech-217286-35533_600x600.jpg
2025-06-09,9. Juni 2025,Iris,5.0,Cooles Teil,"Griffige Haptik, gute Grösse, sehr leichtgängig und leise. Auch fürs Büro geeignet!",tangle-relax-therapy,https://www.jugglux.ch/outdoor-und-freizeit/fidget-toys/tangle-fidget-toy/tangle-relax-therapy.html,https://www.jugglux.ch/media/image/09/91/40/30206_600x600.jpg
2025-06-09,9. Juni 2025,Iris,5.0,Cooles Teil,"Schöne Farbe, abwechslungsreiche Strukturen, leichtgängig, leise.",tangle-metallic-textured,https://www.jugglux.ch/outdoor-und-freizeit/fidget-toys/tangle-fidget-toy/tangle-metallic-textured.html,https://www.jugglux.ch/media/image/00/fc/47/Tangle-Metallic-textured-723459012614_600x600.jpg
2025-06-09,9. Juni 2025,Iris,4.0,Macht Spass,"Lässiges Teil, sehr feine Haptik, leider geht unseres etwas leicht auf, man kann es jedoch wieder zusammenstecken.",tangle-fuzzies,https://www.jugglux.ch/outdoor-und-freizeit/fidget-toys/tangle-fidget-toy/tangle-fuzzies.html,https://www.jugglux.ch/media/image/fb/3c/a3/Tangle-Fuzzies-723459029001_600x600.jpg
2025-06-09,9. Juni 2025,Iris,5.0,Gfätterle,"Sehr leichtgängig und leise, angenehme Haptik.
Super zum gfätterle!",tangle-gems-edelstein,https://www.jugglux.ch/outdoor-und-freizeit/fidget-toys/tangle-fidget-toy/tangle-gems-edelstein.html,https://www.jugglux.ch/media/image/14/ac/a8/Tangle-Gems-Edelstein-723459024105_600x600.jpg
2025-06-08,8. Juni 2025,,2.0,sofort gebrochen,"leider ging der Tangle beim ersten Gebrauch schon kaputt. Beim Öffnen der Verbindungen sind die kleinen Nippel gleich gebrochen.. auch macht das Drehen der Verbindungen zu viel Geräusch, wäre unmöglich während dem Unterricht zu benutzen",tangle-texture-mit-oberflaechenstruktur,https://www.jugglux.ch/kurioses-und-kultiges/kleinigkeiten-und-verspieltes/beruehren-und-fuehlen/tangle-texture-mit-oberflaechenstruktur.html,https://www.jugglux.ch/media/image/c8/09/f5/Tangle-Texture-mit-Oberfl-chenstruktur-723459018005_600x600.jpg
2025-06-06,6. Juni 2025,Ute,5.0,Grass genial,"Wir lieben es seit Jahrzehnten. Früher spielten wir mit Kommilitonen, heute mit den erwachsenen Kindern. Eins zum Verschenken bestellt, eins als Ersatz, weil die Karten abgenutzt sind.
Super schnelle Lieferung. Leider nicht nach Deutschland. Zum Glück haben wir Freunde in der Schweiz...",grass-das-kultspiel-inkl.-deutsche-anleitung-neuauflage,https://www.jugglux.ch/spiele-und-geschenke/kartenspiele/kartenspiele-fuer-erwachsene/grass-das-kultspiel-inkl.-deutsche-anleitung-neuauflage.html,https://www.jugglux.ch/media/image/b4/69/76/grass-das-kultspiel-inkl-deutsche-anleitung-neuauflage-46047_600x600.jpg
2025-06-02,2. Juni 2025,Michael,4.5,cooles skill toy,"cooles skill toy (gehen ADHS), nicht so robust.",tangle-metallic-textured,https://www.jugglux.ch/outdoor-und-freizeit/fidget-toys/tangle-fidget-toy/tangle-metallic-textured.html,https://www.jugglux.ch/media/image/00/fc/47/Tangle-Metallic-textured-723459012614_600x600.jpg
2025-06-02,2. Juni 2025,Michael,4.5,6er Würfel,"in der ersten Lieferung war ein Würfel unvollständig, jetzt hats geklappt. Toller Trickwürfel, funktioniert gut.",glueckswuerfel-2-stk,https://www.jugglux.ch/kurioses-und-kultiges/kleinigkeiten-und-verspieltes/scherzartikel/glueckswuerfel-2-stk.html,https://www.jugglux.ch/media/image/01/89/9f/gluckswurfel-2-stk-216586-21447_600x600.jpg
2025-06-02,2. Juni 2025,Michael,4.5,cooles gadget,"cooles skill, etwas ""kantig""",fidget-ring-doppel-wuerfel-groesse-10,https://www.jugglux.ch/outdoor-und-freizeit/fidget-toys/fidget-ring/fidget-ring-doppel-wuerfel-groesse-10.html,https://www.jugglux.ch/media/image/3a/53/2c/Fidget-Ring-Doppel-W-rfel-Gr-sse-10_600x600.jpg
2025-06-02,2. Juni 2025,Michael,5.0,dreht und dreht,sehr präzise und saubere Verarbeitung - und dreht gefühlt ewig :D,fidget-spinner-cube-multicoloured-metallic,https://www.jugglux.ch/outdoor-und-freizeit/fidget-toys/fidget-toys-diverse/fidget-spinner-cube-multicoloured-metallic.html,https://www.jugglux.ch/media/image/48/4b/7a/Fidget-Spinner-Cube-multicoloured-metallic-5060459746459_600x600.jpg
2025-04-30,30. April 2025,,1.5,Striker Muster unsauber / Steine verschmutzt / Schachtel zerkratzt,Die Musterung auf dem Striker ist fehlerhaft und hat starke Farbabweichungen (Muster durch Pressung verschoben sowie fehlerhaft). Die Aufbewahrungsbox ist zerkratzt und nicht neuwertig. Die Steine sind durch schwarzen Staub verschmutzt und erst nach gründlicher Reinigung nutzbar. Artikel kann in diesem Zustand nicht empfohlen werden.,carromsteine-set-ashwin-break-to-finish-profi-spielsteine,https://www.jugglux.ch/spiele-und-geschenke/gesellschaftsspiele/carambole-brett-und-zubehoer/carromsteine-set-ashwin-break-to-finish-profi-spielsteine.html,https://www.jugglux.ch/media/image/77/e0/e9/carromsteine-set-ashwin-break-to-finish-profi-spielsteine-43912_600x600.jpg
2025-04-29,29. April 2025,Ursula Schweizer,5.0,Curiosi Puzzle Picoli,Ein herrliches Geschenk für alle Puzzlefans. Durch die runde Form und die kleinen Teile eine kleine Herausforderung! Meine 92 jährige Mutter wünschte sich diese um die Wartezeit im Alterheimrestaurant zu überbrücken. Nun ist das ganze Personal scharf auf die Dinger!,curiosi-puzzle-picoli-marienkaefer,https://www.jugglux.ch/spiele-und-geschenke/knobel-und-geduldspiele/curiosi-puzzles/curiosi-puzzle-picoli-marienkaefer.html,https://www.jugglux.ch/media/image/35/ea/69/curiosi-puzzle-picoli-marienkafer-222708-36909_600x600.jpg
2025-04-29,29. April 2025,Elisabeth,4.0,Niedlich,"Niedliches Fidgettoy. Habe drei bestellt, bei einem „flutschen“ die Böhnchen leider nicht gut raus, bei den anderen aber schon. Die Drucke auf den Böhnchen sind nicht alle so gut wie auf der Abbildung, dies zur Info. Gefällt mir trotzdem gut und es schaut hübsch aus.",fidget-sojabohne-druecke-die-bohne-heraus,https://www.jugglux.ch/outdoor-und-freizeit/fidget-toys/fidget-toys-diverse/fidget-sojabohne-druecke-die-bohne-heraus.html,https://www.jugglux.ch/media/image/bd/7b/e3/fidget-sojabohne-drucke-die-bohne-heraus-243797-45821_600x600.jpg
2025-04-29,29. April 2025,Elisabeth,5.0,"Schöne Fächer, stabil gearbeitet","Vorab: Ich habe noch wenig Erfahrung mit Fächern. Dies ist also die Einschätzung einer Anfängerin! Zunächst - persönlich finde ich das Design wirklich ansprechend. Die Griffe sind gut gearbeitet, nirgendwo Kanten, die beim Drehen unangenehm werden könnten - abgesehen vom Markenemblem, welches allerdings an der Seite angebracht ist und deshalb kein Problem sein sollte. Die haptischen Stopps fühlen sich für mich ebenfalls brauchbar an.
Ich habe übrigens auf Empfehlung die kleine Variante genommen, weil ich selbst auch nicht unbedingt gross bin (1.60 m) und ich finde, dass die Grösse absolut reicht (könnte für mich sogar kleiner sein), sonst wird es schwer mit Buzzsaws. Sie sind mir - natürlich - auch schon ein paar mal runtergefallen, aber die Konstruktion federt recht gut und die Fächer haben keine Schäden genommen. Das Gewicht ist für mich auch im Rahmen, ich kann damit gut üben, ohne meine Muskeln zu stark zu beanspruchen. Insgesamt bin ich zufrieden und freue mich darauf, damit zu üben und sie anzuzünden.",lotus-fire-fan-klein,https://www.jugglux.ch/jonglieren-und-artistik/feuerartikel-und-zubehoer/feuer-specials/lotus-fire-fan-klein.html,https://www.jugglux.ch/media/image/bb/29/a0/Lotus-Fire-Fan-klein_600x600.jpg
2025-04-27,27. April 2025,Patrizia,5.0,Zauberstab,"Superschnelle Lieferung, mein Enkel geht mit seinem Zauberstab schlafen, wie es seine Mutter machte. Jetzt hat er das Erbstück von Mamma zu Hause, und bei uns findet er zum Spielen den Zauberstab auch. Super Kundendienst, superschnelle Lieferung, alles perfekt und gerne wieder",zauberstab-29cm,https://www.jugglux.ch/experimente-und-magie/zauberartikel-shop/zauberzubehoer/zauberstab-29cm.html,https://www.jugglux.ch/media/image/0e/b5/8d/zauberstab-29cm-230086-21601_600x600.jpg
2025-04-24,24. April 2025,Steffi,5.0,Toller Hula Hoop Ring,Ich habe schon seit langem einen und er hält und hält und hält. Klar blättern irgendwann die Bändel ein bisschen ab aber man kann ihn immer noch sehr gut brauchen. Gerade für Beginner*innen ein super Hula Hoop Ring. Lieferung wie immer sehr schnell und gut.,hula-hooop-trinidad-groesse-s,https://www.jugglux.ch/outdoor-und-freizeit/hulahoop-reifen/travel-hula-hoops/hula-hooop-trinidad-groesse-s.html,https://www.jugglux.ch/media/image/45/28/3b/hula-hooop-trinidad-grosse-s-236120-44527_600x600.jpg
2025-04-23,23. April 2025,Andrea,5.0,Nulli 0.0,"Nulli 0.0 ist ein einfaches und kurzweiliges Spiel. Wir spielten es mit Kinder und Grosseltern. Es gehört Glück und clevernes dazu. Ist schnell erklärt, die Spielregeln klar verständlich. Nun steigen wir ein Level auf ;o)",wuerfelspiel-nulli-0.0,https://www.jugglux.ch/spiele-und-geschenke/brettspiele/wuerfelspiele/wuerfelspiel-nulli-0.0.html,https://www.jugglux.ch/media/image/ea/e1/74/nulli-0-0_600x600.jpg
2025-04-18,18. April 2025,Edith Zimmermann,5.0,coole Überraschung,war coole Überraschung... passt gerade auch zu Ostern,eier-flummi-springball,https://www.jugglux.ch/kurioses-und-kultiges/kleinigkeiten-und-verspieltes/gumpi-baelle-und-flummis/eier-flummi-springball.html,https://www.jugglux.ch/media/image/3c/06/93/Eier-Flummi-Springball-5038728115039_600x600.jpg
2025-04-15,15. April 2025,Kate,5.0,Nostalgisch,"Entspricht den Bilder, Schnelle Lieferung, tolle nostalgische Optik",glasfaser-lampe-fibre-optic-ice-lamp,https://www.jugglux.ch/spiele-und-geschenke/haushalt-und-gadgets/kueche-und-haushalt/glasfaser-lampe-fibre-optic-ice-lamp.html,https://www.jugglux.ch/media/image/5b/1a/a9/glasfaser-lampe-blau-fibre-optic-ice-lamp-261077-46557_600x600.jpg
2025-04-14,14. April 2025,Gery Stadler,5.0,Nulli 1.0,Cooles schnell gespieltes Spiel mit hohem Wiederspielreiz! Auch als Absacker super geeignet.,wuerfelspiel-nulli-1.0,https://www.jugglux.ch/spiele-und-geschenke/brettspiele/wuerfelspiele/wuerfelspiel-nulli-1.0.html,https://www.jugglux.ch/media/image/cc/42/b6/nulli-1-0_600x600.jpg
2025-04-12,12. April 2025,Tatyana,5.0,Fantasiewelt - Edelsteine die genau betrachtet werden.,"Thema Edelsteine attraktiv, genaues Hinschauen, Überraschungen mit Punkten,",grosse-kleine-edelsteine-nominiert-zum-kinderspiel-des-jahres-2024,https://www.jugglux.ch/spiele-und-geschenke/brettspiele/kinderspiele/grosse-kleine-edelsteine-nominiert-zum-kinderspiel-des-jahres-2024.html,https://www.jugglux.ch/media/image/d3/f0/d3/Grosse-kleine-Edelsteine-4001504406561_600x600.jpg
2025-04-10,10. April 2025,Eva Krohn,5.0,Lustiges Spielball mit Technik und sehr schnell geliefert,,plug-und-play-ball-logikspiel,https://www.jugglux.ch/spiele-und-geschenke/knobel-und-geduldspiele/logikspiele/plug-und-play-ball-logikspiel.html,https://www.jugglux.ch/media/image/45/4d/9f/Plug-n-Play-Ball-Logikspiel-5414301524939_600x600.jpg
2025-04-10,10. April 2025,Lio,4.0,Toll!,Funktioniert auf dem Teppich am besten. Alle Kinder waren bestens unterhalten.,huepfender-frosch-aus-blech,https://www.jugglux.ch/kurioses-und-kultiges/nostalgie-und-klassiker/blechspielzeug/huepfender-frosch-aus-blech.html,https://www.jugglux.ch/media/image/a6/8c/26/hupfender-frosch-aus-blech-216666-21587_600x600.jpg
2025-04-10,10. April 2025,Lio,5.0,Sehr günstig und super!,"Mein Neffe kann gar nicht mehr wegschauen. Der Kreisel macht auch ein tolles Surrgeräusch. Es ist nicht ganz einfach, ihn zum Kreiseln zu bringen, dies machen wohl besser die grösseren Kinder.",blechkreisel-mittel-brummkreisel-fantasia,https://www.jugglux.ch/experimente-und-magie/physikspiele-und-co/kreisel-und-gyroscope/blechkreisel-mittel-brummkreisel-fantasia.html,https://www.jugglux.ch/media/image/16/69/97/Blechkreisel-mittel-Brummkreisel-Fantasia-5208006130904_600x600.jpg
2025-04-10,10. April 2025,Lio,5.0,Wie früher!,"Ich hatte als Kind selber einen Wurrli und habe ihn geliebt. Meinem Gottenkind (5) habe ich Tricks damit beigebracht und sie liebt es, andere damit zum Staunen zu bringen.",magischer-wurm-wurrli,https://www.jugglux.ch/kurioses-und-kultiges/kleinigkeiten-und-verspieltes/krimskrams/magischer-wurm-wurrli.html,https://www.jugglux.ch/media/image/56/77/95/magischer-wurm-wurrli-263936-46823_600x600.jpg
2025-04-10,10. April 2025,Lio,5.0,Nostalgie pur,"Meine Grosseltern hatten immer solche Zwerglein, mit denen wir ganze Rennen veranstalteten. Auch bei der heutigen Generation sind die Zwerglein noch beliebt. Am besten purzeln sie auf einem nicht zu glatten Untergrund, zB. schrägem Teppich oder einem Badetuch. So simpel und doch so toll.",purzel-zwerglein-gross,https://www.jugglux.ch/kurioses-und-kultiges/kleinigkeiten-und-verspieltes/purzelzwerge/purzel-zwerglein-gross.html,https://www.jugglux.ch/media/image/e5/bb/b8/purzel-zwerglein-gross-216674-21605_600x600.jpg
2025-04-10,10. April 2025,Lio,5.0,Tolles Spielzeug,"Ein Spielzeug wie früher. Der Kreisel hüpft und pfeift und kreiselt dann sehr lange. Man kann ihn auch etwas anstossen und schauen, wie er reagiert. Wenn man den Dreh raushat, macht es total Spass. Die Kinder sind ganz fasziniert, dass dies ohne Batterie möglich ist.
Ich habe ein anderes Muster als auf dem Bild erhalten, dies ist jedoch kein Problem und den Kindern gefällt das Muster.",huepf-blechkreisel-balou,https://www.jugglux.ch/experimente-und-magie/physikspiele-und-co/kreisel-und-gyroscope/huepf-blechkreisel-balou.html,https://www.jugglux.ch/media/image/e2/63/f5/hupf-blechkreisel-balou-230735-36986_600x600.jpg
2025-04-10,10. April 2025,Lio,5.0,Genial,"'Schildi' ist ganz toll und wird bei uns heiss geliebt. Gemütlich wandert sie durchs Zimmer. Die Qualität ist sehr gut und sie ist schön gestaltet. Die Kinder sind total fasziniert, dass sie ohne Batterien funktioniert.",wandernde-schildkroete-walking-tortoise-blechspielzeug,https://www.jugglux.ch/kurioses-und-kultiges/nostalgie-und-klassiker/blechspielzeug/wandernde-schildkroete-walking-tortoise-blechspielzeug.html,https://www.jugglux.ch/media/image/7a/51/fa/wandernde-schildkrote-walking-tortoise-blechspielzeug-39347_600x600.jpg
2025-04-10,10. April 2025,Lio,4.0,Toll,"Ich habe den Hahn gekauft, weil ich selber so einen hatte als Kind. Er funktioniert tiptop und hüpft im Kreis herum. Sehr günstig!",pickhahn-aus-blech,https://www.jugglux.ch/kurioses-und-kultiges/nostalgie-und-klassiker/blechspielzeug/pickhahn-aus-blech.html,https://www.jugglux.ch/media/image/0e/38/1e/pickhahn-aus-blech-216670-21593_600x600.jpg
2025-04-10,10. April 2025,Lio,4.0,Toll!,"Fido ist genial. Es ist eine echte Spardose, die auf der Unterseite mit einem Schlüsselchen geöffnet werden kann. Wenn man eine Münze (oder etwas anderes flaches) hinlegt, kommt Fido aus der Hütte und nimmt es mit. Der Hund ist nicht ganz so dreidimensional gestaltet. Die Kinder lieben ihn trotzdem :)",spardose-blech-hund-fido,https://www.jugglux.ch/spiele-und-geschenke/haushalt-und-gadgets/spardosen/spardose-blech-hund-fido.html,https://www.jugglux.ch/media/image/11/a7/f2/spardose-blech-hund-fido-220097-21570_600x600.jpg
2025-04-10,10. April 2025,Jasmin,5.0,Top,"Ich liebe ihn hab ihn jetzt schon zum dritten mal gekauft, weil ich ihn schon 2 mal verloren habe. Würde ihn immerwider kaufen",bravo-lunastick-eclipse-berlin-green,https://www.jugglux.ch/jonglieren-und-artistik/flowersticks-devilsticks-buugeng/lunastix-und-flowersticks/bravo-lunastick-eclipse-berlin-green.html,https://www.jugglux.ch/media/image/60/68/f9/bravo-lunastick-eclipse-berlin-green-235210-41848_600x600.jpg
2025-04-07,7. April 2025,cornelia Blum,5.0,lässig,perfekt,gymnastiktuecher-set-mit-12-bunten-tuechern,https://www.jugglux.ch/jonglieren-und-artistik/jonglier-ringe-teller-tuecher/jonglier-tuecher/gymnastiktuecher-set-mit-12-bunten-tuechern.html,https://www.jugglux.ch/media/image/7a/38/50/gymnastiktucher-set-mit-6-bunten-tuchern-266609-46994_600x600.jpg
2025-04-07,7. April 2025,cornelia blum,5.0,witzig,witzig listig,magic-butterfly-aufzieh-schmetterling,https://www.jugglux.ch/spiele-und-geschenke/geschenkideen/kleine-geschenke/magic-butterfly-aufzieh-schmetterling.html,https://www.jugglux.ch/media/image/a4/65/97/Magic-Butterfly-Aufzieh-Schmetterling-4032722964038_600x600.jpg
2025-04-07,7. April 2025,cornelia blum,5.0,super,super,japan-papierball-klein-12cm,https://www.jugglux.ch/kurioses-und-kultiges/kleinigkeiten-und-verspieltes/gag-baelle-und-spezial-baelle/japan-papierball-klein-12cm.html,https://www.jugglux.ch/media/image/b1/b0/71/japan-papierball-klein-12cm-216574-21423_600x600.jpg
2025-04-06,6. April 2025,Ursi,5.0,Gloschli ist ein super cooles Spiel!,"Gloschli ist ein super cooles Spiel!
Schon nach ein paar Runden hat man das Spiel verstanden. Die Anleitung ist super intuitiv und kurz gefasst, und es gibt auch Variationen, die das Spiel noch unterhaltsamer machen. Als Bonus sind die Karten sehr härzig gestaltet.",gloschli-das-kultige-kartenspiel-aus-bern,https://www.jugglux.ch/spiele-und-geschenke/kartenspiele/kartenspiele-fuer-erwachsene/gloschli-das-kultige-kartenspiel-aus-bern.html,https://www.jugglux.ch/media/image/19/e0/c8/gloschli-das-kultige-kartenspiel-aus-bern-241001-45577_600x600.jpg
2025-04-06,6. April 2025,Eva Krohn,5.0,"Schöne und lustige Spielsachen online zu kaufen, Versand perfekt","gute unsd schöne Spielsachen gut gezeigt online zu kaufen, Versandt perfekt,",butterfly-kite-ruby-r-schmetterling-drachen,https://www.jugglux.ch/outdoor-und-freizeit/drachen-und-zubehoer/kinderdrachen/butterfly-kite-ruby-r-schmetterling-drachen.html,https://www.jugglux.ch/media/image/b5/b4/46/butterfly-kite-ruby-r-schmetterling-drachen-235925-30927_600x600.jpg
2025-04-05,5. April 2025,Fredy,5.0,Alles andere als einfach und mir scheint die Lösung jedes Mal etwas anders zu sein kann also mehrmals Spass bereiten!!,,cast-level-2-a-und-a,https://www.jugglux.ch/spiele-und-geschenke/knobel-und-geduldspiele/cast-knobelspiele-metall/cast-level-2-a-und-a.html,https://www.jugglux.ch/media/image/25/9a/60/Cast-Level-2-a-und-a-5407005150191_600x600.jpg
2025-04-02,2. April 2025,,5.0,Windspiel,"Ich habe eine Nachbestellung gemacht, da das Windspiel meine Vorstellungen übertroffen hat. Sehr schön!",hot-air-balloon-twist-sunrise-windspiel,https://www.jugglux.ch/outdoor-und-freizeit/windspiele/windspiele-spiralen/hot-air-balloon-twist-sunrise-windspiel.html,https://www.jugglux.ch/media/image/dd/47/88/hot-air-balloon-twist-sunrise-windspiel-237839-21635_600x600.jpg
2025-04-01,1. April 2025,Kael,4.5,Holzreifen,"Es sind sehr stabile Ringe, aber sie sind nich alle genau gleich rund.",gymnastik-reifen-holz-80cm,https://www.jugglux.ch/outdoor-und-freizeit/hulahoop-reifen/hula-hoops-aus-holz/gymnastik-reifen-holz-80cm.html,https://www.jugglux.ch/media/image/38/0c/02/gymnastik-reifen-holz-80cm-235736-21312_600x600.jpg
2024-07-29,29. Juli 2024,Dunsi,5.0,Fackelseil,"Ich nehme es für Angelwings/ Snakes und bin mit diesem Fackelseil sehr zufrieden, da es sehr saugfähig und geschmeidig ist ! -> Achtung sehr grosse Flamme, wenn man sie nicht schwingt !",fackelseil-1.5cm,https://www.jugglux.ch/jonglieren-und-artistik/feuerartikel-und-zubehoer/feuerdocht/fackelseil-1.5cm.html,https://www.jugglux.ch/media/image/64/27/48/fackelseil-1-5cm-233532-20379_600x600.jpg
2024-07-27,27. Juli 2024,Debby,5.0,Chromino,"Unkomplizierte Bestellung, konnte mit twint direkt bezahlen, sehr schnelle Lieferung (trotz B-Post) mit einer extra Spielanleitung auf Deutsch in einem Couvert, tolles Spiel.",chromino-refresh,https://www.jugglux.ch/spiele-und-geschenke/brettspiele/familienspiele/chromino-refresh.html,https://www.jugglux.ch/media/image/a8/72/7b/3558380108092_600x600.jpg
2024-07-22,22. Juli 2024,La,5.0,"Super Jonglier-Spielzeug, robust und einfach aufgebaut","Der Gora Dragon Staff ist schnell zusammengebaut, komplett mit Aufbefahrungsbeutel für die Feueraufsätze und deren Klemmen sowie den Sechskantschlüssel. Einziges Manko (aber bereits bekannt beim Kauf): die 1.5m Stange kann nicht zerlegt werden und ist deshalb schwieriger zu transportieren, aber auch stabiler.
Angenehmes Gefühl zum Jonglieren mit idealem Gewicht und ""Marker"" in der Mitte des Stabs zum Ausbalancieren. Würde ich sofort weiterempfehlen! Auch die Lieferung von Jugglux verlief schnell und unkompliziert. Vielen Dank!",gora-dragon-staff-light-alu-8-head,https://www.jugglux.ch/jonglieren-und-artistik/feuerartikel-und-zubehoer/fire-staff/gora-dragon-staff-light-alu-8-head.html,https://www.jugglux.ch/media/image/be/7e/31/gora-dragon-staff-light-alu-dragon-staff-mit-adapter-2350-39487_600x600.jpg
2024-07-22,22. Juli 2024,Ellero Ziegler,5.0,"Perfekt/ Top Produkt, schnelle Lieferung",Alles bestens. Keinerlei Reklamationen,love-letter-kartenspiel,https://www.jugglux.ch/spiele-und-geschenke/kartenspiele/kartenspiele-fuer-erwachsene/love-letter-kartenspiel.html,https://www.jugglux.ch/media/image/3e/ee/a3/Love-Letter-Spiel-kaufen-Kartenspiel-Deutsch-4015566603189_600x600.jpg
2024-07-18,18. Juli 2024,,5.0,sehr gut,"sehr gutes Produkt. Leider etwas gross (Einheitsgrösse) und wenn man kleine Hände hat sehr gewöhnungsbedürftig. Nach einer Weile ist es aber kein Problem mehr. Man merkt absolut nichts von der Hitze. Nutze es aktuell aber vorwiegend um mich an das Jonglieren mit Feuerkeulen zu gewöhnen, ohne Angst eines Fehlgriffs haben zu müssen.",kevlar-handschuhe-paar-einheitsgroesse,https://www.jugglux.ch/jonglieren-und-artistik/feuerartikel-und-zubehoer/feuer-baelle-zum-jonglieren/kevlar-handschuhe-paar-einheitsgroesse.html,https://www.jugglux.ch/media/image/c0/5a/9b/Kevlar-Handschuhe-Paar-Einheitsgroesse_600x600.jpg
2024-07-18,18. Juli 2024,Jan,5.0,Sehr gut,"Ist in 3 Arbeitstage angekommen, perfeckt",gummierter-schraubverbinder-fuer-contact-staff-portable,https://www.jugglux.ch/jonglieren-und-artistik/feuerartikel-und-zubehoer/fire-staff/gummierter-schraubverbinder-fuer-contact-staff-portable.html,https://www.jugglux.ch/media/image/f4/2d/09/gummierter-schraubverbinder-fur-contact-staff-portable-234-38604_600x600.jpg
2024-07-17,17. Juli 2024,Rainer,5.0,Peitschenkreisel,Das Produkt entspricht voll meinen Erwartungen.,wurfkreisel-peitschenkreisel-natur-inkl.-peitsche,https://www.jugglux.ch/experimente-und-magie/physikspiele-und-co/kreisel-und-gyroscope/wurfkreisel-peitschenkreisel-natur-inkl.-peitsche.html,https://www.jugglux.ch/media/image/c9/49/4a/wurfkreisel-peitschenkreisel-natur-inkl-peitsche-258043-46362_600x600.jpg
2024-07-16,16. Juli 2024,Renato,3.0,"Schön, aber eher Level 4","Schönes Knobelspiel, sauber verarbeitet, jedoch etwas zu teuer. Leider brauchte ich keine 30min. bis zur Lösung. Für ein Level 6 eindeutig zu einfach.",master-sword-the-legend-of-zelda-cast-level-6,https://www.jugglux.ch/spiele-und-geschenke/knobel-und-geduldspiele/cast-knobelspiele-metall/master-sword-the-legend-of-zelda-cast-level-6.html,https://www.jugglux.ch/media/image/b6/8e/64/Cast-Knobelspiel-Level-6-Master-Sword-The-Legend-of-Zelda-5407005151440_600x600.jpg
2024-07-15,15. Juli 2024,Leonora Ambauen,5.0,Supeeer :),"Ich habe das Produkt online bestellt und bin sehr zufrieden, es wurde schnell geliefert und es funktioniert einwandfrei. Es macht mega Spass, damit zu spielen. Ich habe es bereits an einige Festivals mitgenommen. merci!!",led-glow-poi-fade-mit-fingerschlaufe,https://www.jugglux.ch/jonglieren-und-artistik/poi-leuchtpoi-levistick-und-zubehoer/led-poi-und-leucht-poi/led-glow-poi-fade-mit-fingerschlaufe.html,https://www.jugglux.ch/media/image/c3/c5/d1/led-glow-poi-fade-mit-fingerschlaufe-245520-45832_600x600.jpg
2024-07-15,15. Juli 2024,Leonora Ambauen,5.0,ICH LIEBE ES,"Vielen Dank. Ich liebe es, ich spiele jeden Tag damit und habe am Burning Mountain Festival viele Tricks dazugelernt. Es macht mega Spass! :))",bravo-lunastick-elements-water,https://www.jugglux.ch/jonglieren-und-artistik/flowersticks-devilsticks-buugeng/lunastix-und-flowersticks/bravo-lunastick-elements-water.html,https://www.jugglux.ch/media/image/0d/da/3a/Bravo-Lunastick-Elements-Water_600x600.jpg
2024-07-15,15. Juli 2024,Jana,5.0,Sehr spannende Erweiterung für Flügelschlag,"Die Erweiterung enthält eine Duellversion, die das Spiel zu zweit deutlich kompetitiver macht. Der Schwarmmodus ist super um das Spiel kürzer zu halten bei grossen Gruppen. Die Karten, die auch einfach in das Grundspiel gemischt werden können, sind sehr schön illustriert und uns hat die Kartengruppe ""Am Rundenende"" sehr gut gefallen.",fluegelschlag-asien-erweiterung,https://www.jugglux.ch/spiele-und-geschenke/brettspiele/erweiterungen/fluegelschlag-asien-erweiterung.html,https://www.jugglux.ch/media/image/d8/3e/d9/Spiel-Fluegelschlag-Asien-Erweiterung-4260705310187_600x600.jpg
2024-07-09,9. Juli 2024,Peter Keller,5.0,Pyro Star für Fackeln,Brauchen es für eine Theaterproduktion in einem Zelt. Gibt gut sichtbares rätliches Feuer! Sind sehr zufrieden!,pyro-star-fuer-fackeln-1-liter-raucharm,https://www.jugglux.ch/jonglieren-und-artistik/feuerartikel-und-zubehoer/anzuendfluessigkeit/pyro-star-fuer-fackeln-1-liter-raucharm.html,https://www.jugglux.ch/media/image/53/30/42/Pyro-Star-fuer-Fackeln-1-Liter-raucharm_600x600.jpg
2024-07-07,7. Juli 2024,A,5.0,Tiptop,"Die Würfel sind genau das, was ich gesucht habe. Sehr schnelle Lieferung. Ich hin zufrieden.",blanko-holzwuerfel-16mm-set-mit-25-stk,https://www.jugglux.ch/spiele-und-geschenke/wuerfel-fuer-spiele/wuerfel-mit-6-flaechen/blanko-holzwuerfel-16mm-set-mit-25-stk.html,https://www.jugglux.ch/media/image/b0/58/f9/blanko-holzwurfel-16mm-set-mit-25-stk-254711-46133_600x600.jpg
2024-07-03,3. Juli 2024,Staub,5.0,Perfekt für Knobelfreunde,"Schwierig, aber lösbar",escape-welt-quest-tower,https://www.jugglux.ch/spiele-und-geschenke/knobel-und-geduldspiele/geduldspiele-aus-holz/escape-welt-quest-tower.html,https://www.jugglux.ch/media/image/d2/f7/4a/Escape-Welt-Quest-Tower-0038657354788_600x600.jpg
2024-07-02,2. Juli 2024,Nutt Christina,5.0,Cooles kleines Geschenk,"Leuchtend, bunt, praktisch - ein ideales kleines Bhaltis zum Schuljahresabschluss.",schluesselanhaenger-flauschiger-stressball-einhorn-fell,https://www.jugglux.ch/kurioses-und-kultiges/kleinigkeiten-und-verspieltes/gag-baelle-und-spezial-baelle/schluesselanhaenger-flauschiger-stressball-einhorn-fell.html,https://www.jugglux.ch/media/image/f7/85/2f/schlusselanhanger-flauschiger-stressball-einhorn-fell-2-48047_600x600.jpg
2024-07-01,1. Juli 2024,Nina Paunovic,5.0,Excellent!,Ich bin sehr zufrieden! Liegt sehr gut in der Hand. Das Zerlegen ist für mein Leben im Auto ideal! Ich liebe es :D,contact-staff-portable-feuerstab-gora-in-3-teilen,https://www.jugglux.ch/jonglieren-und-artistik/feuerartikel-und-zubehoer/fire-staff/contact-staff-portable-feuerstab-gora-in-3-teilen.html,https://www.jugglux.ch/media/image/93/4d/42/contact-staff-portable-feuerstab-gora-in-3-teilen-234014-30289_600x600.jpg
2024-07-01,1. Juli 2024,Berkan,5.0,Hacksack,,kickball-footbag-rasta,https://www.jugglux.ch/outdoor-und-freizeit/outdoor-und-gartenspiele/footbags-und-hackysack/kickball-footbag-rasta.html,https://www.jugglux.ch/media/image/09/4f/79/kickball-footbag-rasta-237162-38471_600x600.jpg
2024-07-01,1. Juli 2024,Noah,5.0,Top Gewicht,Die Bälle sind etwas grösser und haben ein angenehmes Gewicht. Habe die Bälle mit Anfängern getestet und es passte. Für kleinere Hände möglicherweise etwas schwieriger aber auch die haben es gemeistert. Würde ich wieder bestellen und superschnelle Lieferung,jonglierball-beanbag-130g-blau-mit-schwarz,https://www.jugglux.ch/jonglieren-und-artistik/baelle-zum-jonglieren/jonglierbaelle-zum-trainieren/jonglierball-beanbag-130g/jonglierball-beanbag-130g-blau-mit-schwarz.html,https://www.jugglux.ch/media/image/d2/b1/e1/jonglierball-beanbag-130g-blau-mit-schwarz-233624-20491_600x600.jpg
2024-06-29,29. Juni 2024,Pasquale Arleo,3.5,"Idee gut, bei 1 von 2 Tischbomben hat die Zündschnur nicht funktioniert",,tischbombe-leer-gross-max-200g-einfuellen,https://www.jugglux.ch/spiele-und-geschenke/geschenkideen/leere-tischbomben/tischbombe-leer-gross-max-200g-einfuellen.html,https://www.jugglux.ch/media/image/6f/3d/85/tischbombe-leer-gross-max-200g-einfullen-220050-20910_600x600.jpg
2024-06-28,28. Juni 2024,Manu,4.5,Smart!,"Sehr gerne wird das Spiel von den 6-9-jährigen Kindern gespielt. Die Kätzchen sprechen insbesondere viele Mädchen an, doch auch die Jungs fordern sich immer wieder selbst mit Hilfe der verschiedenen Niveaus.",cats-und-boxes-alles-fuer-die-katz-logikspiel,https://www.jugglux.ch/spiele-und-geschenke/knobel-und-geduldspiele/logikspiele/cats-und-boxes-alles-fuer-die-katz-logikspiel.html,https://www.jugglux.ch/media/image/5b/8d/dd/Cats-Boxes-Logikspiel-5414301524953_600x600.jpg
2024-06-28,28. Juni 2024,Manu,5.0,Hit im Lernregal,Dieses Spiel bietet Spass und mögliche Lernfortschritte für verschiedene Niveaus. Die Kinder (6-9 Jahre) wählen es liebend gerne.,architecto-buch-und-bausteine-set,https://www.jugglux.ch/spiele-und-geschenke/knobel-und-geduldspiele/diverse-geduldspiele/architecto-buch-und-bausteine-set.html,https://www.jugglux.ch/media/image/85/17/4e/architecto-buch-und-bausteine-set-220709-32352_600x600.jpg
2024-06-22,22. Juni 2024,Bernadette,5.0,Vogelwasserpfeife,"Wirklich lustige Pfeife, die verblüffend echtes Vogelgezwitscher hervorzaubert",vogel-wasserpfeife-aus-keramik,https://www.jugglux.ch/kurioses-und-kultiges/musikdosen-und-instrumente/instrumente-und-pfeifen/vogel-wasserpfeife-aus-keramik.html,https://www.jugglux.ch/media/image/93/6b/a2/vogel-wasserpfeife-aus-keramik-217804-36469_600x600.jpg
2024-06-19,19. Juni 2024,Walter Hehl,5.0,Rattleback (Wackelstein),Eine hübsche physikalische Kleinigkeit. Lieferung erfolgte unglaublich schnell.,rattleback-wackelstein-aendert-die-drehrichtung,https://www.jugglux.ch/experimente-und-magie/physikspiele-und-co/kreisel-und-gyroscope/rattleback-wackelstein-aendert-die-drehrichtung.html,https://www.jugglux.ch/media/image/ea/de/ce/rattleback-andert-die-drehrichtung-230203-31330_600x600.jpg
2024-06-18,18. Juni 2024,Jens W.,5.0,Glitzer hoch 2,Mit der Dekofolie konnte ich meinen alten Keulen wieder neues Leben einhauchen. Sie sehen nun aus wie neu und die im Sonnenlicht entstehenden Reflexionen sind einfach nur toll.,dekofolie-glitter-10m-silber,https://www.jugglux.ch/jonglieren-und-artistik/keulen-zum-jonglieren/zubehoer-fuer-keulen/dekofolie-glitter-10m-silber.html,https://www.jugglux.ch/media/image/98/0b/bd/dekofolie-glitter-10m-silber-234202-31944_600x600.jpg
2024-06-18,18. Juni 2024,Stefanie Zimmermann,5.0,Sehr zufriden würde es wieder bestellen,Sehr zufriden,nylon-pferdeleine-kinder-geschirr-zum-pferd-spielen-blau,https://www.jugglux.ch/outdoor-und-freizeit/outdoor-und-gartenspiele/gartenspiele/nylon-pferdeleine-kinder-geschirr-zum-pferd-spielen-blau.html,https://www.jugglux.ch/media/image/4d/95/54/llb_600x600.jpg
2024-06-16,16. Juni 2024,Peter,5.0,Kartenspiel,Super Kartenspiel,cardistry-karten-tally-ho-fan-back-summer-edition,https://www.jugglux.ch/experimente-und-magie/zauberartikel-shop/cardistry-karten/cardistry-karten-tally-ho-fan-back-summer-edition.html,https://www.jugglux.ch/media/image/b1/9f/89/cardistry-karten-tally-ho-fan-back-summer-edition-232641-43041_600x600.jpg
2024-06-14,14. Juni 2024,Stefanie,5.0,Top Produkt und super Service,"Keine Frage, das sind die besten Feuerpoi die ich bis jetzt hatte. Es ist mindestens schon mein 4. Paar in den letzten Jahren. Sie halten wirklich sehr lange und Flamme ist mit Kugelform viel perfekter. Danke Jugglux, ich bin wieder ausgerüstet für den Sommer mit seinen Festivals",feuerpoi-monkey-medium-gora-silikonhandles,https://www.jugglux.ch/jonglieren-und-artistik/feuerartikel-und-zubehoer/feuerpoi/feuerpoi-monkey-medium-gora-silikonhandles.html,https://www.jugglux.ch/media/image/aa/e3/25/feuerpoi-monkey-medium-gora-silikonhandles-274249-47459_600x600.jpg
2024-06-07,7. Juni 2024,Sibylle,5.0,Lustiges Mitbringsel,"Funktioniert einwandfrei. Ich habe eines verschenkt, das war ein absoluter Hit!",original-drinking-bird-trinkender-vogel,https://www.jugglux.ch/experimente-und-magie/physikspiele-und-co/diverse-physikalische-spiele/original-drinking-bird-trinkender-vogel.html,https://www.jugglux.ch/media/image/fa/c5/fc/original-drinking-bird-trinkender-vogel-232780-43443_600x600.jpg
2024-06-03,3. Juni 2024,Daniela,5.0,Fingeraugen,"Lustig, aber nur für Kinder geeignet. Für mich viel zu eng, schon beim kleinen Finger.",fingeraugen-5cm,https://www.jugglux.ch/kurioses-und-kultiges/kleinigkeiten-und-verspieltes/krimskrams/fingeraugen-5cm.html,https://www.jugglux.ch/media/image/f5/2a/cc/Fingeraugen-5cm-verschiedene-Farben-5026619651902_600x600.jpg
2024-06-03,3. Juni 2024,Daniela,5.0,Guter Ball für Fuss Fascien,,fakirball-orange-6.3cm-der-kleine-massageball,https://www.jugglux.ch/kurioses-und-kultiges/kleinigkeiten-und-verspieltes/beruehren-und-fuehlen/fakirball-orange-6.3cm-der-kleine-massageball.html,https://www.jugglux.ch/media/image/ee/71/c6/fakirball-orange-7cm-der-kleine-massageball-219072-20859_600x600.jpg
2024-06-03,3. Juni 2024,Daniela,5.0,Gut geeignet für Stressabbau nach kurzer Zeit muss man einfach schmunzeln oder lachen,,peek-a-boo-maus-drueck-kaese-mit-maus,https://www.jugglux.ch/kurioses-und-kultiges/kleinigkeiten-und-verspieltes/beruehren-und-fuehlen/peek-a-boo-maus-drueck-kaese-mit-maus.html,https://www.jugglux.ch/media/image/cd/d6/37/Peek-A-Boo-Maus-Dr-ck-K-se-mit-Maus-5021813214342_600x600.jpg
2024-06-01,1. Juni 2024,Andreas,5.0,Toller Artikel,"So einen Trinkvogel wollte ich schon immer einmal haben, seit Kindheit. Jetzt mit 53 Jahren, nachdem ich wieder mal den Film Alien* (1979) geschaut habe, habe ich mir endlich einen gekauft. Super Veranschaulichung von Thermodynamik. Tolles und lehrreiches physikalisches Spielzeug! Kann ich nur empfehlen.
*Gebt bei den ersten paar Szenen fein Acht ;-)",trinkender-vogel-die-trinkente,https://www.jugglux.ch/experimente-und-magie/physikspiele-und-co/diverse-physikalische-spiele/trinkender-vogel-die-trinkente.html,https://www.jugglux.ch/media/image/g0/b2/b0/trinkender-vogel-die-trinkente-230683-36422_600x600.jpg
2024-04-29,29. April 2024,Reichlin,5.0,Flip Kick,"Super Geschenk für unsere Grosskinder. Schnelle Lieferung, super solider Artikel!",flip-kick-der-flipper-fussballkasten,https://www.jugglux.ch/spiele-und-geschenke/brettspiele/motorikspiele/flip-kick-der-flipper-fussballkasten.html,https://www.jugglux.ch/media/image/89/f9/ea/flip-kick-der-flipper-fussballkasten-221943-35532_600x600.jpg
2024-04-28,28. April 2024,bruno wenger,5.0,bestellung,"sehr schneller versand, einwandfreies produkt",magnetische-kugeln-neocube-5mm-nickel,https://www.jugglux.ch/spiele-und-geschenke/geschenkideen/neocube-magnetkugeln/magnetische-kugeln-neocube-5mm-nickel.html,https://www.jugglux.ch/media/image/c2/84/33/magnetische-kugeln-neocube-5mm-nickel-220432-31365_600x600.jpg
2024-04-22,22. April 2024,Marina Muenchenbach,5.0,"sehr guter Artikel, hervorragende Organisation von Jugglux",,100-spielfiguren-blau,https://www.jugglux.ch/spiele-und-geschenke/spielmaterial/spielfiguren-halmakegel/100-spielfiguren-blau.html,https://www.jugglux.ch/media/image/06/99/b8/100-Spielfiguren-blau-aus-RE-Wood-4260414067839_600x600.jpg
2024-04-20,20. April 2024,Jeannette,5.0,Devil Handstäbe,"coole grüne Handstäbe, passend zum grünen Devilstick. Gute Haftung",devilstick-handstaebe-14mm-gruen,https://www.jugglux.ch/jonglieren-und-artistik/flowersticks-devilsticks-buugeng/zubehoer-und-handstaebe/devilstick-handstaebe-14mm-gruen.html,https://www.jugglux.ch/media/image/ff/4c/23/devilstick-handstabe-14mm-grun-234059-31714_600x600.jpg
2024-04-20,20. April 2024,Jeannette,5.0,Handstäbe,"Angenehme, dickere Handstäbe",devilstick-handstaebe-14mm-weiss,https://www.jugglux.ch/jonglieren-und-artistik/flowersticks-devilsticks-buugeng/zubehoer-und-handstaebe/devilstick-handstaebe-14mm-weiss.html,https://www.jugglux.ch/media/image/fa/f1/5c/devilstick-handstabe-14mm-weiss-233415-20225_600x600.jpg
2024-04-20,20. April 2024,Jeannette,5.0,Handstab zum Jonglierteller,,anleitungsheft-devilstick-espanol,https://www.jugglux.ch/jonglieren-und-artistik/artistik-medien-und-zirkusartikel/jonglier-buecher-lern-buecher/anleitungsheft-devilstick-espanol.html,https://www.jugglux.ch/media/image/30/9a/10/anleitungsheft-devilstick-espanol-234123-31222_600x600.jpg
2024-04-20,20. April 2024,Jeannette,5.0,Anleitungsheft Devilstick,"Hab fälschlicherweise das Heft in spanisch bestellt, dank den Illustrationen trotzdem verständlich.",anleitungsheft-devilstick-espanol,https://www.jugglux.ch/jonglieren-und-artistik/artistik-medien-und-zirkusartikel/jonglier-buecher-lern-buecher/anleitungsheft-devilstick-espanol.html,https://www.jugglux.ch/media/image/30/9a/10/anleitungsheft-devilstick-espanol-234123-31222_600x600.jpg
2024-04-20,20. April 2024,Jeannette,5.0,Handstab zum Jonglierteller,"Toll, dass es dieses Teil auch einzeln gibt. So können wir unseren verschwundenen Stab wieder ersetzen.",einzelner-holzstab-fuer-jonglier-teller-49cm,https://www.jugglux.ch/jonglieren-und-artistik/jonglier-ringe-teller-tuecher/jonglier-teller-glitter/einzelner-holzstab-fuer-jonglier-teller-49cm.html,https://www.jugglux.ch/media/image/d5/0c/3e/holzstab-45-8cm-fur-jonglier-teller-292930-48274_600x600.jpg
2024-04-20,20. April 2024,Jeannette,5.0,Devil Handstäbe,"coole grüne Handstäbe, passend zum grünen Devilstick. Gute Haftung",devilstick-handstaebe-14mm-gruen,https://www.jugglux.ch/jonglieren-und-artistik/flowersticks-devilsticks-buugeng/zubehoer-und-handstaebe/devilstick-handstaebe-14mm-gruen.html,https://www.jugglux.ch/media/image/ff/4c/23/devilstick-handstabe-14mm-grun-234059-31714_600x600.jpg
2024-04-20,20. April 2024,Jeannette,5.0,Teller zum Jonglieren,Schöne Artikel mit tollem Glitzereffekt,teller-glitter-zum-jonglieren-gruen,https://www.jugglux.ch/jonglieren-und-artistik/jonglier-ringe-teller-tuecher/jonglier-teller-glitter/teller-glitter-zum-jonglieren-gruen.html,https://www.jugglux.ch/media/image/e9/b2/28/teller-glitter-zum-jonglieren-grun-233889-20799_600x600.jpg
2024-04-20,20. April 2024,Jeannette,5.0,Devilstick fluo,"Schöne Ausführung, gute Haftung.",devilstick-fluo-gruen,https://www.jugglux.ch/jonglieren-und-artistik/flowersticks-devilsticks-buugeng/devilsticks-fluo/devilstick-fluo-gruen.html,https://www.jugglux.ch/media/image/43/2e/24/devilstick-fluo-grun-233399-20209_600x600.jpg
2024-04-20,20. April 2024,Mario,5.0,Zielkugeln für Boccia,Top Ware und schnelle Lieferung,zielkugeln-fuer-boule-petanque-oder-boccia-naturfarbig,https://www.jugglux.ch/outdoor-und-freizeit/outdoor-und-gartenspiele/boule-und-petanque/zielkugeln-fuer-boule-petanque-oder-boccia-naturfarbig.html,https://www.jugglux.ch/media/image/a5/94/16/38217_600x600.jpg
2024-04-16,16. April 2024,Baumann Katharina,5.0,Mini Spielfigur,"Die vorbestellten Spielfiguren wurden sehr rasch geliefert. Gute Qualität, Merci",mini-spielfigur-holz-20mm-halmakegel-nature,https://www.jugglux.ch/spiele-und-geschenke/spielmaterial/spielfiguren-halmakegel/mini-spielfigur-holz-20mm-halmakegel-nature.html,https://www.jugglux.ch/media/image/31/40/28/mini-spielfigur-holz-20mm-halmakegel-nature-227602-43537_600x600.jpg
2024-04-15,15. April 2024,M.F.,5.0,TipTop,"schöne Verarbeitung, gute Qualität, etwas teuer.",tastatur-sticker-linux-3d-tux,https://www.jugglux.ch/spiele-und-geschenke/haushalt-und-gadgets/gadgets-fuers-buero/tastatur-sticker-linux-3d-tux.html,https://www.jugglux.ch/media/image/93/d0/7e/tastatur-sticker-linux-3d-tux-229817-45391_600x600.jpg
2024-04-15,15. April 2024,M.F.,5.0,TipTop,"schöne Verarbeitung, gute Qualität, etwas teuer.",tastatur-aufkleber-linux-tux-farbig,https://www.jugglux.ch/spiele-und-geschenke/haushalt-und-gadgets/gadgets-fuers-buero/tastatur-aufkleber-linux-tux-farbig.html,https://www.jugglux.ch/media/image/cc/aa/e6/tastatur-aufkleber-linux-tux-farbig-229818-45380_600x600.jpg
2024-04-15,15. April 2024,M.F.,5.0,TipTop,"schöne Verarbeitung, gute Qualität, etwas teuer.",tastatur-aufkleber-linux-tux-schwarz-weiss,https://www.jugglux.ch/spiele-und-geschenke/haushalt-und-gadgets/gadgets-fuers-buero/tastatur-aufkleber-linux-tux-schwarz-weiss.html,https://www.jugglux.ch/media/image/ce/3e/53/tastatur-aufkleber-linux-tux-schwarz-weiss-224258-40044_600x600.jpg
2024-04-15,15. April 2024,M.F.,5.0,dem Hund gefällts :-),"nettes Set, gute Preis / Leistung",waboba-woofpack-hundespielzeug-set-3-teilig,https://www.jugglux.ch/outdoor-und-freizeit/frisbee-und-bumerang/hunde-frisbees/waboba-woofpack-hundespielzeug-set-3-teilig.html,https://www.jugglux.ch/media/image/80/02/e3/waboba_woofgames_front_1800x1800_600x600.jpg
2024-04-11,11. April 2024,Ramona,4.5,Super Service,"Sehr schnelle Lieferung. Freitag 16.55 Uhr bestellt, Samstagmorgen schon geliefert.",who-is-lu-wer-der-mitspielenden-ist-lu,https://www.jugglux.ch/spiele-und-geschenke/brettspiele/gruppenspiele/who-is-lu-wer-der-mitspielenden-ist-lu.html,https://www.jugglux.ch/media/image/5c/94/9f/Who-is-Lu-Spiel-798190121604_600x600.jpg
2024-04-09,9. April 2024,Oskar,5.0,Zug Spiel,Kleon und fein. Jedoch sehr einfaches Spiel,zug-spiel-taschenpuzzle,https://www.jugglux.ch/spiele-und-geschenke/knobel-und-geduldspiele/geduldspiele-aus-holz/zug-spiel-taschenpuzzle.html,https://www.jugglux.ch/media/image/89/97/ce/zug-spiel-taschenpuzzle-224099-39721_600x600.jpg
2024-04-08,8. April 2024,Cornelia,5.0,Perfekt,"Schnelle Lieferung, angenehme Haptik, gute Grösse.",wuerfel-mit-zahlen-1-3-groesse-16mm,https://www.jugglux.ch/spiele-und-geschenke/wuerfel-fuer-spiele/wuerfel-mit-6-flaechen/wuerfel-mit-zahlen-1-3-groesse-16mm.html,https://www.jugglux.ch/media/image/b4/3f/ab/wurfel-mit-zahlen-1-3-grosse-16mm-225481-41964_600x600.jpg
2024-04-04,4. April 2024,Simone,5.0,Sehr gut für Anfänger und Fortgeschrittene,"Mit dem auswechselbaren Kugellager für Anfänger und Fortgeschrittene geeignet. Ist zudem viel robuster, als ich dachte.",yoyofactory-arrow-blau,https://www.jugglux.ch/outdoor-und-freizeit/yoyo-shop/freilauf-yoyos/yoyofactory-arrow-blau.html,https://www.jugglux.ch/media/image/26/8b/7e/44350_600x600.jpg
2024-04-04,4. April 2024,Simone,5.0,Sehr geeignet für Anfänger und Fortgeschrittene,Mit dem mitgelieferten auswechselbaren Kugellager ist dieses Yoyo sehr gut geeignet für Anfänger und für Fortgeschrittene um Tricks zu üben. Ausserdem gefällt mir Farbe und Design sehr gut.,iyoyo-passion-blue-lagoon,https://www.jugglux.ch/outdoor-und-freizeit/yoyo-shop/kugellager-alu-yoyoys/iyoyo-passion-blue-lagoon.html,https://www.jugglux.ch/media/image/35/cf/a9/iyoyo-passion-blue-lagoon-239051-44925_600x600.jpg
2024-04-04,4. April 2024,Angi,4.5,Sehr schön,"Der Flower Stick ist zwar ein wenig länger und schwerer als die, welche ich mir sonst gewohnt bin, aber er dreht dank dem Gewicht der LED-Module sehr schön und man erreicht damit eine höhere Geschwindigkeit als mit den üblichen Sticks. Die LED's leuchten stark und klar und die verschiedenen Modis machen richtig Spass um damit zu spielen. Ich kann ihn nur empfehlen :-)",composite-flower-stick-version-2-von-flowtoys,https://www.jugglux.ch/jonglieren-und-artistik/flowersticks-devilsticks-buugeng/lunastix-und-flowersticks/composite-flower-stick-version-2-von-flowtoys.html,https://www.jugglux.ch/media/image/e6/a2/2c/composite-flower-stick-version-2-von-flowtoys-234606-42933_600x600.jpg
2024-04-03,3. April 2024,Lynn,5.0,Antitranspirant,Riecht sehr stark aber die Hände schwitzern kaum mehr,brestola-grip-dry-creme-fuer-artistik,https://www.jugglux.ch/jonglieren-und-artistik/artistik-medien-und-zirkusartikel/kolophonium-und-anti-slip-puder/brestola-grip-dry-creme-fuer-artistik.html,https://www.jugglux.ch/media/image/83/45/c4/Brestola-Grip-Dry-Creme-f-r-Artistik-758263199718_600x600.jpg
2024-04-03,3. April 2024,tamara,5.0,Funkeneffekt,"Bei Bewegungen funkelt es jeweils ein wenig. Bei zusammenklatschen der props, entsteht ein schöner Funkenregen",eisen-pulver-fuer-feuereffekte-100g,https://www.jugglux.ch/jonglieren-und-artistik/feuerartikel-und-zubehoer/anzuendfluessigkeit/eisen-pulver-fuer-feuereffekte-100g.html,https://www.jugglux.ch/media/image/7b/54/e1/eisen-pulver-fur-feuereffekte-100g-235470-42968_600x600.jpg
2024-04-01,1. April 2024,JeFa,4.5,Wackel-Giraffe,"Funktioniert tipptopp, Giraffe selbst (ohne Aufsatz) ca. 7 cm hoch.",wackeltier-giraffe-aus-holz,https://www.jugglux.ch/kurioses-und-kultiges/nostalgie-und-klassiker/wackelfiguren-holz/wackeltier-giraffe-aus-holz.html,https://www.jugglux.ch/media/image/9a/f9/81/wackeltier-giraffe-aus-holz-216665-21582_600x600.jpg
2023-07-30,30. Juli 2023,Ivo,5.0,Hält was er verspricht,Preis Leistung tip top keinerlei Beanstandungen,springball-g-force-65mm-weiss,https://www.jugglux.ch/jonglieren-und-artistik/baelle-zum-jonglieren/jonglierbaelle-die-springen/springball-g-force/springball-g-force-65mm-weiss.html,https://www.jugglux.ch/media/image/e9/c0/9c/springball-g-force-65mm-weiss-234136-31347_600x600.jpg
2023-07-27,27. Juli 2023,Sven,5.0,Top Jonglierball,Wunderbarere Jonglierbälle. Liegt angenehm in der Hand und ist top verarbeitet.,primary-beanbag-130g-gelb-mit-schwarz,https://www.jugglux.ch/jonglieren-und-artistik/baelle-zum-jonglieren/jonglierbaelle-zum-trainieren/jonglierball-beanbag-130g/primary-beanbag-130g-gelb-mit-schwarz.html,https://www.jugglux.ch/media/image/ce/15/c4/primary-beanbag-130g-gelb-mit-schwarz-234068-30617_600x600.jpg
2023-07-26,26. Juli 2023,I. M.,5.0,Tipptopp,"Unterhaltsam, witzig, erschreckend, lehrreich.",weltquartett-rauschgift,https://www.jugglux.ch/spiele-und-geschenke/kartenspiele/quartett/weltquartett-rauschgift.html,https://www.jugglux.ch/media/image/75/57/d7/weltquartett-rauschgift-221029-33172_600x600.jpg
2023-07-24,24. Juli 2023,ste,2.5,Sehr leicht,Eines der leichteren Puzzles. Auseinander geht es leider fast automatisch.,cast-level-5-square,https://www.jugglux.ch/spiele-und-geschenke/knobel-und-geduldspiele/cast-knobelspiele-metall/cast-level-5-square.html,https://www.jugglux.ch/media/image/9f/50/92/cast-level-5-square-220478-31579_600x600.jpg
2023-07-24,24. Juli 2023,ste,4.0,Zusammensetzen ist ne Kunst,Auseinander ist es relativ schnell. Zusammensetzten dagegen echt hart... ich denke das Level hier ist auf das zusammensetzen bezogen.,cast-level-5-marble,https://www.jugglux.ch/spiele-und-geschenke/knobel-und-geduldspiele/cast-knobelspiele-metall/cast-level-5-marble.html,https://www.jugglux.ch/media/image/2e/b4/45/cast-level-5-marble-220187-30124_600x600.jpg
2023-07-24,24. Juli 2023,Tirza,5.0,Sehr zufrieden,Sehr schöne Bälle. Gut verarbeitet. Habe die Bälle für meine Tochter gekauft. Für kleine Hände sehr passend. Preis Leistung super,3-guenstige-jonglierbaelle,https://www.jugglux.ch/jonglieren-und-artistik/baelle-zum-jonglieren/jonglierball-set/3-guenstige-jonglierbaelle.html,https://www.jugglux.ch/media/image/12/0e/70/3-gunstige-jonglierballe-235205-42013_600x600.jpg
2023-07-24,24. Juli 2023,Tira,5.0,Sehr zufrieden,Sehr schöner Ball. Liegt gut in der Hand und wurde super rasch geliefert.,primary-beanbag-130g-blau-uni,https://www.jugglux.ch/jonglieren-und-artistik/baelle-zum-jonglieren/jonglierbaelle-zum-trainieren/jonglierball-beanbag-130g/primary-beanbag-130g-blau-uni.html,https://www.jugglux.ch/media/image/4b/0b/1a/primary-beanbag-130g-blau-uni-233716-20569_600x600.jpg
2023-07-24,24. Juli 2023,Tirza,5.0,Toller Ball,Super Ball. Er fühlt sich gut an in der Hand und man hat eine grosse Farbauswahl.,primary-beanbag-130g-gelb-uni,https://www.jugglux.ch/jonglieren-und-artistik/baelle-zum-jonglieren/jonglierbaelle-zum-trainieren/jonglierball-beanbag-130g/primary-beanbag-130g-gelb-uni.html,https://www.jugglux.ch/media/image/f2/f6/32/primary-beanbag-130g-gelb-uni-233717-20570_600x600.jpg
2023-07-24,24. Juli 2023,Tirza,5.0,Super,"Sehr tolles Produkt. Grosse Farbauswahl, gute Qualität und der Ball fühlt sich in den Händen angenehm an.",primary-beanbag-130g-gruen-uni,https://www.jugglux.ch/jonglieren-und-artistik/baelle-zum-jonglieren/jonglierbaelle-zum-trainieren/jonglierball-beanbag-130g/primary-beanbag-130g-gruen-uni.html,https://www.jugglux.ch/media/image/0d/70/36/primary-beanbag-130g-grun-uni-235472-20571_600x600.jpg
2023-07-20,20. Juli 2023,Silvia,5.0,"Hatte sowas als Kind selbst, jetzt für meine Kinder","Habe diesen Liquid Timer und den anderen, ein Spürchen kleineren Liquid Timer hier bei jugglux gekauft. Beide sind prima, dieser hier hat ein etwas schöneres, dosierteres Tropfverhalten (anfangs immer etwas ""wild"", aber dieser hier normalisiert sich schneller). Kann Zufall sein, aber im Zweifel würde ich diesen hier wählen.",sanduhr-spirale-mit-fluessigkeit,https://www.jugglux.ch/spiele-und-geschenke/haushalt-und-gadgets/gadgets-fuers-buero/sanduhr-spirale-mit-fluessigkeit.html,https://www.jugglux.ch/media/image/0f/19/8f/sanduhr-spirale-mit-flussigkeit-239356-45523_600x600.jpg
2023-07-20,20. Juli 2023,Geiser Beatrice,5.0,Diabolo,Wurde sehnlichst erwartet und rasant schnell (an die Ferienadresse!) geliefert! Super Service!,hyperspin-tc-bearing-diabolo-tuerkis-transparent,https://www.jugglux.ch/jonglieren-und-artistik/diabolos-und-zubehoer/diabolos-mit-kugellager/hyperspin-bearing-diabolos/hyperspin-tc-bearing-diabolo-tuerkis-transparent.html,https://www.jugglux.ch/media/image/dd/b1/e9/hyperspin-tc-bearing-diabolo-aquamarin-235548-43419_600x600.jpg
2023-07-19,19. Juli 2023,M. Scherler,5.0,"recht kompliziertes, aber spannendes Puzzle",,tierpuzzle-6-eckig-kaefer,https://www.jugglux.ch/spiele-und-geschenke/knobel-und-geduldspiele/diverse-puzzles/tierpuzzle-6-eckig-kaefer.html,https://www.jugglux.ch/media/image/4c/20/86/tierpuzzle-6-eckig-kafer-228982-30996_600x600.jpg
2023-07-19,19. Juli 2023,M. Scherler,5.0,spannendes Puzzle,,tierpuzzle-6-eckig-schmetterlinge,https://www.jugglux.ch/spiele-und-geschenke/puzzles-jigsaw/kinder-puzzle/tierpuzzle-6-eckig-schmetterlinge.html,https://www.jugglux.ch/media/image/6c/6e/4b/tierpuzzle-6-eckig-schmetterlinge-228983-44726_600x600.jpg
2023-07-18,18. Juli 2023,Steph,5.0,Mega,Die Kinder liebe diesen Ball!! Tolles Geschenk.,waboba-moon-ball-gradient,https://www.jugglux.ch/kurioses-und-kultiges/kleinigkeiten-und-verspieltes/gumpi-baelle-und-flummis/waboba-moon-ball-gradient.html,https://www.jugglux.ch/media/image/17/77/0c/45526_600x600.jpg
2023-07-18,18. Juli 2023,Maryanne,5.0,Jonglierball,Perfekt - auch für Anfänger wie mich - super Service - mega schnelle Lieferung!,jonglierball-beanbag-110g-gelb-mit-schwarz,https://www.jugglux.ch/jonglieren-und-artistik/baelle-zum-jonglieren/jonglierbaelle-zum-trainieren/jonglierball-beanbag-110g/jonglierball-beanbag-110g-gelb-mit-schwarz.html,https://www.jugglux.ch/media/image/0e/86/e0/jonglierball-beanbag-110g-gelb-mit-schwarz-233609-20476_600x600.jpg
2023-07-13,13. Juli 2023,Lukas,5.0,"Super Ware, genau wie beschrieben. Einfacher Bestell-, Liefer- und Verrechnungsablauf. Top!",,knackfroesche-12er-set,https://www.jugglux.ch/kurioses-und-kultiges/nostalgie-und-klassiker/blechspielzeug/knackfroesche-12er-set.html,https://www.jugglux.ch/media/image/32/41/b9/knackfrosche-12er-set-299792-48625_600x600.jpg
2023-07-10,10. Juli 2023,Angela,5.0,Dank dem Sujet ist der Effekt noch cooler!,,stehauf-kreisel-fussball,https://www.jugglux.ch/experimente-und-magie/physikspiele-und-co/kreisel-und-gyroscope/stehauf-kreisel-fussball.html,https://www.jugglux.ch/media/image/dc/41/16/stehauf-kreisel-fussball-230628-35904_600x600.jpg
2023-07-10,10. Juli 2023,Angela,4.0,Cool! Braucht aber tatsächlich etwas Geduld....,,maze-in-the-cube-geduldspiel-in-wuerfelform,https://www.jugglux.ch/spiele-und-geschenke/knobel-und-geduldspiele/3d-kugel-labyrinth/maze-in-the-cube-geduldspiel-in-wuerfelform.html,https://www.jugglux.ch/media/image/e6/85/11/maze-in-the-cube-geduldspiel-in-wurfelform-229033-44857_600x600.jpg
2023-07-10,10. Juli 2023,Angela,4.5,"Für die Grösse etwas wenig Bewegung (kleine Gehbewegung), aber der Retro-Style ist cool!",,roboter-aufziehfigur,https://www.jugglux.ch/kurioses-und-kultiges/aufzieh-objekte/aufzieh-objekte-aus-kunststoff/roboter-aufziehfigur.html,https://www.jugglux.ch/media/image/46/90/71/roboter-aufziehfigur-219208-43389_600x600.jpg
2023-07-10,10. Juli 2023,Angela,5.0,Dank dem Sujet wird der Effekt noch sichtbarer. Absolut toll!,,stehauf-kreisel-schweiz,https://www.jugglux.ch/experimente-und-magie/physikspiele-und-co/kreisel-und-gyroscope/stehauf-kreisel-schweiz.html,https://www.jugglux.ch/media/image/4d/c3/9f/stehauf-kreisel-schweiz-230217-31504_600x600.jpg
2023-07-08,8. Juli 2023,birgit,5.0,hypersin diabolo,"so gut. gleich ein zweite mit led gekauft
sehr schnell angekommen und sehr freundlich",hyperspin-tc-bearing-diabolo-black-transparent,https://www.jugglux.ch/jonglieren-und-artistik/diabolos-und-zubehoer/diabolos-mit-kugellager/hyperspin-bearing-diabolos/hyperspin-tc-bearing-diabolo-black-transparent.html,https://www.jugglux.ch/media/image/aa/0b/45/hyperspin-tc-bearing-diabolo-black-transparent-235546-43403_600x600.jpg
2023-07-08,8. Juli 2023,birgit,5.0,led hypersin,sehr gut. Wir haben gleich eine zweite bestellt,led-aufsatz-hyperspin-chameleon-2.0,https://www.jugglux.ch/jonglieren-und-artistik/diabolos-und-zubehoer/leuchtdiabolo/led-aufsaetze/led-aufsatz-hyperspin-chameleon-2.0.html,https://www.jugglux.ch/media/image/fc/dd/f8/led-aufsatz-hyperspin-chameleon-2-0-268790-47145_600x600.jpg
2023-07-03,3. Juli 2023,Häusermann Rita,4.0,Dekorativ,"Sie sind dekorativ, ein schönes Geschenk.
Wer sicher gehen will, dass zusammengehalten wird, was zusammen gehört, wählt eine andere Klammer.",fahrrad-bueroklammern-seiten-markierer-bicycle-clips,https://www.jugglux.ch/spiele-und-geschenke/haushalt-und-gadgets/gadgets-fuers-buero/fahrrad-bueroklammern-seiten-markierer-bicycle-clips.html,https://www.jugglux.ch/media/image/7f/96/16/fahrrad-buroklammern-seiten-markierer-bicycle-clips-22-42149_600x600.jpg
2023-07-02,2. Juli 2023,Elio,4.0,Abwechslung,"Für mich ist das Fidget toy etwas zu gross, aber sonst super. Die verschiedenen Funktionen daran bieten gute Abwechslung. Ist gut um den Fokus zu behalten",fidget-ring-hexagon,https://www.jugglux.ch/outdoor-und-freizeit/fidget-toys/fidget-ring/fidget-ring-hexagon.html,https://www.jugglux.ch/media/image/12/e6/b6/fidget-ring-hexagon-242880-45690_600x600.jpg
2023-07-02,2. Juli 2023,Elio,5.0,stress reliev,"super ring. hilft mir runterzukommen und stresssituationen besser zu meistern. knirscht manchmal ein bisschen, das ist nicht ganz optimal. sonst perfekt",fidget-ring-rotierender-fingerring-groesse-10,https://www.jugglux.ch/outdoor-und-freizeit/fidget-toys/fidget-ring/fidget-ring-rotierender-fingerring-groesse-10.html,https://www.jugglux.ch/media/image/1f/37/e4/fidget-ring-rotierender-fingerring-grosse-10-269301-47265_600x600.jpg
2023-06-30,30. Juni 2023,simi,5.0,spannende beschäftigung für grössere kinder,die beiden würfel kamen als geschenk zum 13. geburi super an und wurden gleich getestet.,inside-3-the-cube-awful-phantom-rot,https://www.jugglux.ch/spiele-und-geschenke/knobel-und-geduldspiele/diverse-geduldspiele/inside-3-the-cube-awful-phantom-rot.html,https://www.jugglux.ch/media/image/f0/c4/de/inside-3-the-cube-awful-phantom-rot-225589-39712_600x600.jpg
2023-06-21,21. Juni 2023,Corinne,5.0,Super,Stabiles und präzis ausgeführtes Logikspiel.,cast-level-1-abc,https://www.jugglux.ch/spiele-und-geschenke/knobel-und-geduldspiele/cast-knobelspiele-metall/cast-level-1-abc.html,https://www.jugglux.ch/media/image/0a/22/e2/cast-level-1-abc-220177-30103_600x600.jpg
2023-06-20,20. Juni 2023,Gabriel Wyss,5.0,100 Steckwürfel - Tolles Produkt!,"Tolles Material und super geeignet für den Einsatz im Klassenzimmer und für die kleinen Pausen zwischendurch.
Schnelle Lieferung und sehr unkompliziert, vielen Dank!",blau,https://www.jugglux.ch/experimente-und-magie/lernunterstuetzung/lernspiele/100-steckwuerfel-2cm-aus-re-wood-in-rot/blau.html,https://www.jugglux.ch/media/image/fe/b5/60/100-steckwurfel-2cm-aus-re-wood-in-rot-blau-248622-45888_600x600.jpg
2023-06-20,20. Juni 2023,Gabriel Wyss,5.0,Patternblocks,"Tolles Material und super geeignet für den Einsatz im Klassenzimmer.
Schnelle Lieferung und sehr unkompliziert, vielen Dank!",pattern-blocks-250-teile,https://www.jugglux.ch/experimente-und-magie/lernunterstuetzung/unterrichtshilfen/legeplaettchen/pattern-blocks-250-teile.html,https://www.jugglux.ch/media/image/f3/d2/c4/legeplattchen-pattern-blocks-250-teile-233018-44172_600x600.jpg
2023-06-19,19. Juni 2023,Wyss K.,5.0,Windrad Rainbow,"Tolles Windrad, hält auch bei Starkwind.
Schnelle Lieferung. Echt super.",mini-duett-rainbow-windmill,https://www.jugglux.ch/outdoor-und-freizeit/windspiele/windspiele-windmuehlen/mini-duett-rainbow-windmill.html,https://www.jugglux.ch/media/image/91/5d/be/mini-duett-rainbow-235761-21641_600x600.jpg
2023-06-18,18. Juni 2023,Wolfgang,5.0,Drehkreuz aus Holz,"gute Qualität, schnelle Lieferung, sehr empfehlenswert.",drehkreuz-holz-einfach-puzzle,https://www.jugglux.ch/spiele-und-geschenke/knobel-und-geduldspiele/geduldspiele-aus-holz/drehkreuz-holz-einfach-puzzle.html,https://www.jugglux.ch/media/image/12/ae/09/drehkreuz-holz-einfach-puzzle-225491-42094_600x600.jpg
2023-06-16,16. Juni 2023,Didi2020,5.0,Super,Deux petites personnes heureuses de leurs baguettes magiques! Livraison rapide. Merci,funkelnder-zauberstab-gel-glitzer,https://www.jugglux.ch/experimente-und-magie/zauberartikel-shop/zauberzubehoer/funkelnder-zauberstab-gel-glitzer.html,https://www.jugglux.ch/media/image/f0/ee/66/funkelnder-zauberstab-gel-glitzer-233156-44742_600x600.jpg
2023-06-13,13. Juni 2023,sophie,5.0,"top,habe meeeega viel spass damit",,bravo-lunastick-eclipse-berlin-green,https://www.jugglux.ch/jonglieren-und-artistik/flowersticks-devilsticks-buugeng/lunastix-und-flowersticks/bravo-lunastick-eclipse-berlin-green.html,https://www.jugglux.ch/media/image/60/68/f9/bravo-lunastick-eclipse-berlin-green-235210-41848_600x600.jpg
2023-06-11,11. Juni 2023,Martina,5.0,Super Preis-Leistungsverhältnis!,"In einem wunderschönen samtenen Säcklein verpackt kommen die Edelsteine daher. Die vielen verschiedene Farben und Grössen sind toll! Ich werde die Edelsteine einsetzen um Zauberstäbe an ihrem Ende zu veredeln (Schul-Projektwoche), aber sie sind sicher auch toll, um als Schatz geborgen zu werden. Ich war total überrascht für so einen guten Preis so tolle Steine plus Säcklein zu erhalten!",47-kunststoff-diamanten-im-beutel,https://www.jugglux.ch/kurioses-und-kultiges/kleinigkeiten-und-verspieltes/krimskrams/47-kunststoff-diamanten-im-beutel.html,https://www.jugglux.ch/media/image/74/9f/f9/47-kunststoff-diamanten-im-beutel-276732-47543_600x600.jpg
2023-06-11,11. Juni 2023,Ruzzed,5.0,Sapone per bolle giganti,"Prodotto molto buono, ha una buona resistenza e le bolle sono grandi, nonché durando molto. Comodo per chi deve portarsi molto materiale per gli spettacoli, visto le dimensioni ridotte essendo un concentrato, comunque la versatilità non fa rinunciare ad una alta qualità. Devo ammettere che nella mia esperienza è un dei migliori saponi con cui mi sono approcciato. È anche molto sicuro e non lascia residui, adatto per persone con disabilità e a bambini, una volta è scoppiata una bolla in faccia ad una persona ed è bastato pulirai con un po’ di acqua senza aver nessuna controindicazione o malessere. Lo consiglio vivamente a chi fa spettacoli e a chi deve muoversi con diverso materiale.",zauberseifenkonzentrat-1000ml,https://www.jugglux.ch/kurioses-und-kultiges/seifenblasen-pustefix-und-zauberseife/zauberseife-riesen-seifenblasen/zauberseifenkonzentrat-1000ml.html,https://www.jugglux.ch/media/image/86/d2/a4/36190_600x600.jpg
2023-06-11,11. Juni 2023,Ruzzed,5.0,Bolle di sapone giganti,"Veramente un buon articolo, la cosa migliore è che permette di poter fare giocare anche persone che non sono capici a fare le bolle giganti e che sono alle prime armi. È molto facile da usare e non necessita di grande tecnica, quindi adatto a tutti. Lo consiglio vivamente a chi vuole fare interagire un pubblico e a chi vuole far giocare dei bambini o a persone con disabilità",zauberseife-seifenblasenschnur-multi-mit-6-kammern,https://www.jugglux.ch/kurioses-und-kultiges/seifenblasen-pustefix-und-zauberseife/zauberseife-riesen-seifenblasen/zauberseife-seifenblasenschnur-multi-mit-6-kammern.html,https://www.jugglux.ch/media/image/e6/ee/5b/zauberseife-seifenblasenschnur-multi-mit-6-kammern-217884-37467_600x600.jpg
2023-06-07,7. Juni 2023,Pascal Furrer,4.0,sehr Tolles Produkt,Die Pistole war einfach zum zusammenbauen und funktioniert sehr gut. Kann sie nur weiterempfehlen,ugears-mechanischer-holzbausatz-wolf-01-pistole,https://www.jugglux.ch/experimente-und-magie/mechanische-holzbausaetze/ugears-mechanische-holzmodelle/ugears-mechanischer-holzbausatz-wolf-01-pistole.html,https://www.jugglux.ch/media/image/34/10/c3/ugears-mechanischer-holzbausatz-wolf-01-pistole-232550-42829_600x600.jpg
2023-06-06,6. Juni 2023,Cornelia,5.0,Ein riesen Spass für die ganze Familie,"Nachhaltiger Wasserspass für die ganze Familie, auch eine tolle Geschenkidee, halten super zusammen (nicht dicht) leicht zu befüllen. Zu empfehlen.",wiederverwendbare-wasserballone-im-6er-set-soft-silikon-mit-magnetverschluss-inkl.-netzbeutel,https://www.jugglux.ch/outdoor-und-freizeit/outdoor-und-gartenspiele/wasser-spiele/wiederverwendbare-wasserballone-im-6er-set-soft-silikon-mit-magnetverschluss-inkl.-netzbeutel.html,https://www.jugglux.ch/media/image/a4/70/7b/Wiederverwendbare-Wasserballone-im-6er-Set-Soft-Silikon-inkl-Netzbeutel-47515_600x600.jpg
2023-06-03,3. Juni 2023,Maik,5.0,Die Sidler für 2,"Eine super Lösung um das beliebte Spiel zu zweit im Duell zu spielen.
Empfehlenswert",die-siedler-von-catan-das-duell-zweier-siedler,https://www.jugglux.ch/spiele-und-geschenke/brettspiele/spiele-fuer-2/die-siedler-von-catan-das-duell-zweier-siedler.html,https://www.jugglux.ch/media/image/d8/4c/ac/die-siedler-von-catan-das-duell-zweier-siedler-223034-37924_600x600.jpg
2023-06-03,3. Juni 2023,Maik,5.0,Das schnelle für zwischendurch,"Das einzige negative, dass Spiel braucht eine flache Oberfläche.
Aber sonst ist das Spiel genial! Wir spielen so mal kurz um den Abwasch oder wer die Kinder ins Bett bringt. ;)
Man braucht Geschick und teilweise auch Geduld.",kluster-das-magnetspiel,https://www.jugglux.ch/experimente-und-magie/physikspiele-und-co/magnetische-spiele/kluster-das-magnetspiel.html,https://www.jugglux.ch/media/image/cc/ac/be/kluster-das-magnetspiel-233305-45288_600x600.jpg
2023-06-03,3. Juni 2023,Sonja,4.0,"Kugelschreiber cool, aber ist nicht wie auf Titel-Bild","cooles Geschenk für Medizinstudenten, aber wenn man die Beschreibung nicht liest, denkt man es sind 5 Schreiber und nicht nur 1
dürfte besser angeschrieben sein",knochen-kugelschreiber,https://www.jugglux.ch/kurioses-und-kultiges/kleinigkeiten-und-verspieltes/krimskrams/knochen-kugelschreiber.html,https://www.jugglux.ch/media/image/e8/b2/39/knochen-kugelschreiber-219810-44972_600x600.jpg
2023-04-25,25. April 2023,Erismann,5.0,Absolut das was ich wollte und erwartete .,Schöne Schwarze Farbe gute Tasche .,boules-baelle-schwarz-chrom-petanque-set,https://www.jugglux.ch/outdoor-und-freizeit/outdoor-und-gartenspiele/boule-und-petanque/boules-baelle-schwarz-chrom-petanque-set.html,https://www.jugglux.ch/media/image/3e/0b/06/boules-balle-schwarz-chrom-petanque-set-238724-44477_600x600.jpg
2023-04-25,25. April 2023,Erismann,5.0,Passt,Solide und erfüllt seinen zweck,magnet-an-kordel-fuer-boule-petanque-oder-boccia,https://www.jugglux.ch/outdoor-und-freizeit/outdoor-und-gartenspiele/boule-und-petanque/magnet-an-kordel-fuer-boule-petanque-oder-boccia.html,https://www.jugglux.ch/media/image/24/d4/82/magnet-an-kordel-fur-boule-petanque-oder-boccia-237594-40351_600x600.jpg
2023-04-19,19. April 2023,Jeannine,5.0,Sehr zufrieden mit Lieferung und Artikel,,escape-welt-fort-knox-box-pro,https://www.jugglux.ch/spiele-und-geschenke/knobel-und-geduldspiele/geduldspiele-aus-holz/escape-welt-fort-knox-box-pro.html,https://www.jugglux.ch/media/image/56/a3/e7/escape-welt-fort-knox-box-pro-274024-47253_600x600.jpg
2023-04-14,14. April 2023,Christian Hippenstiel,5.0,"QU-AX Luxus Einrad 20 Zoll, Bewertung","Super schneller Versand, hat alles prima geklappt, das montieren der Pedale benötigt etwas Geschick und am besten Fett (ggf. als Zubehör mitliefern).",qu-ax-luxus-einrad-20-zoll-die-stabilen-weiss,https://www.jugglux.ch/outdoor-und-freizeit/einrad-und-zubehoer/20-zoll-einraeder-qu-ax/qu-ax-luxus-einrad-20-zoll-die-stabilen-weiss.html,https://www.jugglux.ch/media/image/46/3f/fb/qu-ax-luxus-einrad-20-zoll-die-stabilen-weiss-235905-30768_600x600.jpg
2023-04-14,14. April 2023,Senior Captain,5.0,Spielfiguren und Würfel,"Sämtliche Spielfiguren und Würfel sind von guter Qualität, preiswert und die Ware wurde ohne Verzug geliefert. Danke. Damit kann ich die selbstgestalteten Würfelspiele ""werde Golf Clubmeister"" komplettieren.",spielfigur-holz-24mm-poeppel-gold,https://www.jugglux.ch/spiele-und-geschenke/spielmaterial/spielfiguren-halmakegel/spielfigur-holz-24mm-poeppel-gold.html,https://www.jugglux.ch/media/image/79/5f/40/spielfigur-holz-24mm-poppel-gold-272671-46804_600x600.jpg
2023-04-14,14. April 2023,Lukas,5.0,"Tolles Tuch, gute Qualität",,akrobatik-tuch-8-m-rot,https://www.jugglux.ch/jonglieren-und-artistik/artistik-medien-und-zirkusartikel/vertikaltuecher/akrobatik-tuch-8-m-rot.html,https://www.jugglux.ch/media/image/5e/20/e0/akrobatik-tuch-8-m-rot-233971-20937_600x600.jpg
2023-04-11,11. April 2023,Nathalie,5.0,Bester Preis im Vergleich,"Habe mir die Säckchen etwas weicher vorgestellt, aber sonst tiptop",gymnastiksaeckchen-4er-set,https://www.jugglux.ch/kurioses-und-kultiges/kleinigkeiten-und-verspieltes/gag-baelle-und-spezial-baelle/gymnastiksaeckchen-4er-set.html,https://www.jugglux.ch/media/image/c3/c8/31/gymnastiksackchen-4er-set-219661-44616_600x600.jpg
2023-04-10,10. April 2023,,5.0,"Gute Beratung, Ware top!","Gerne wieder, herzlichen Dank!",vertikaltuch-8-m-schwarz,https://www.jugglux.ch/jonglieren-und-artistik/artistik-medien-und-zirkusartikel/vertikaltuecher/vertikaltuch-8-m-schwarz.html,https://www.jugglux.ch/media/image/7a/a4/a6/vertikaltuch-8-m-schwarz-234041-30416_600x600.jpg
2023-04-08,8. April 2023,Gerd,5.0,Es ist aber ein Heftchen mit Links zu allen zugehörigen Videos,"Meiner Tochter hat es sehr geholfen, die Akrobatik am Vertikaltuch zu erlernen. Haben es durch einen Tip in der Schule empfohlen bekommen ... ich kann es nur weiterenpfehlen und teile nicht die Meinung meines Bewertung-Vorgängers",vertikaltuch-ueber-60-verschiedene-figuren-faller-und-abfolgen,https://www.jugglux.ch/jonglieren-und-artistik/artistik-medien-und-zirkusartikel/zirkus-selber-machen-buecher/vertikaltuch-ueber-60-verschiedene-figuren-faller-und-abfolgen.html,https://www.jugglux.ch/media/image/91/c3/1c/vertikaltuch-uber-60-verschiedene-figuren-faller-und-abfolgen-43026_600x600.jpg
2023-04-03,3. April 2023,Johanna,4.5,Toller Modellbogen,"Sehr schöner Modellbogen. Mein Sohn und ich hatten viel Spass, aber die Seitenteile sind recht knifflig zum Kleben. Zum Glück sieht man es nicht, wenn es nicht ganz stimmt.",modellbogen-formel-1-rennauto,https://www.jugglux.ch/experimente-und-magie/bastelbogen-und-modellbogen/modellbogen/modellbogen-formel-1-rennauto.html,https://www.jugglux.ch/media/image/8a/06/fb/modellbogen-formel-1-rennauto-230387-33421_600x600.jpg
2023-04-03,3. April 2023,Johanna,4.5,Sehr schöner Modellbogen,Wir hatten viel Spass beim Falten und Kleben und der Helikopter sieht toll aus!,modellbogen-helikopter-agusta,https://www.jugglux.ch/experimente-und-magie/bastelbogen-und-modellbogen/modellbogen/modellbogen-helikopter-agusta.html,https://www.jugglux.ch/media/image/61/db/bd/modellbogen-helikopter-agusta-230410-33437_600x600.jpg
2023-04-01,1. April 2023,Claudia Keller,5.0,Peteca,Macht einfach nur Spass! Unverwüstbar,neopren-handfederball-peteca,https://www.jugglux.ch/outdoor-und-freizeit/outdoor-und-gartenspiele/indiaca/neopren-handfederball-peteca.html,https://www.jugglux.ch/media/image/5e/c4/6e/02-73574147_XL_1_600x600.jpg
2022-07-31,31. Juli 2022,Nik,5.0,Super,,yoyofactory-shutter-aqua,https://www.jugglux.ch/outdoor-und-freizeit/yoyo-shop/kugellager-alu-yoyoys/yoyofactory-shutter-aqua.html,https://www.jugglux.ch/media/image/79/35/fb/yoyofactory-shutter-aqua-241349-45598_600x600.jpg
2022-07-27,27. Juli 2022,Klaus Schäfer,2.0,mangelhaft!,"Das ist schon der 3. Rainbowmaker, den ich gekauft habe, da das Gerät irgendwann mal stehen bleibt.
Der Fehler liegt immer am aufgepressten Kegelrad der Welle für den Kristall, das vertikal aufspringt und damit
den Zahnabstand des Kegelrades so vergrössert, dass der Antrieb an dieser Stelle stehen bleibt.",rainbowmaker-mit-kristall,https://www.jugglux.ch/experimente-und-magie/physikspiele-und-co/optisches-und-beobachten/rainbowmaker-mit-kristall.html,https://www.jugglux.ch/media/image/e3/4e/77/rainbow-maker-mit-swarovski-kristall-229914-20174_600x600.jpg
2022-07-23,23. Juli 2022,Tabea,5.0,Ich liebe sie!,"Ich finde die Poi super, denn die Leuchtkraft ist sehr stark und die Farben sind toll. Auch der Akku hält für mein Empfinden sehr lange und dass ich keine Batterien benutzen muss wie bei meinen alten Poi finde ich super! Sie sind etwas schwerer als gewohnt und ich muss mich noch daran gewöhnen. Bei einem Aufprall tun sie aber nicht so weh, weil sie eine weiche Hülle haben. Macht mir sehr Spass damit zu schwingen und neue Tricks zu üben. Am Festival wurde ich öfter gefragt, sie anderen auszuleihen, weil sie sehr auffallend sind. Ich kann sie nur weiterempfehlen! :)",flowtoys-podpoi-v2-mit-knobs,https://www.jugglux.ch/jonglieren-und-artistik/poi-leuchtpoi-levistick-und-zubehoer/flowtoys-flowpois/flowtoys-podpoi-v2-mit-knobs.html,https://www.jugglux.ch/media/image/1b/48/87/flowtoys-podpoi-v2-mit-knobs-235155-41547_600x600.jpg
2022-07-22,22. Juli 2022,Gemperli Aurelia,2.0,Jojo Kauf,"Leider sind von den 9 zugesandten Holzjojos allesamt lila und pink gemischt. Ich benötige diese für das Geburtstagsgeschenk in meinem Sprachheilkindergarten. Die Buben werden bei diesen typischen Mädchenfarben gar keine Freude haben. Und ich wollte den Kindern ein hochwertiges Geschenk mitgeben. Schade, ich dachte, da kommen auch gelbe, rote oder blaue Jojos. Das wären für mich gemischte Farben. Bin doch etwas enttäuscht!
Bei dieser Hitze konnte ich mich nicht überwinden, alle zu retournieren und noch mehr Kosten zu produzieren.
Freundliche Grüsse Aurelia Gemperli, Sprachheilkindergärtnerin, Frauenfeld",guenstiges-jojo-aus-holz-verschiedene-farben,https://www.jugglux.ch/outdoor-und-freizeit/yoyo-shop/yoyos-aus-holz/guenstiges-jojo-aus-holz-verschiedene-farben.html,https://www.jugglux.ch/media/image/b6/f0/d0/gunstiges-jojo-aus-holz-verschiedene-farben-238520-43916_600x600.jpg
2022-07-22,22. Juli 2022,Historiker,5.0,Modellbogen wie zu alten Zeiten,Schön dass es das doch noch gibt :-),modellbogen-schloss-sargans,https://www.jugglux.ch/experimente-und-magie/bastelbogen-und-modellbogen/modellbogen/modellbogen-schloss-sargans.html,https://www.jugglux.ch/media/image/74/11/d3/modellbogen-schloss-sargans-270583-46648_600x600.jpg
2022-07-19,19. Juli 2022,Katja Marschall,4.0,perfekt für Skills,"sehr vielfältig einsetzbare Knete, in kleinen Dosen perfekt für den Skillskoffer bei Patienten
leider läuft die Knete manchmal aus - liegt vielleicht auch an der Höhe im Engadin - oder die Dosen sind schwer zu öffnen.",intelligente-knete-mini-dose-stk,https://www.jugglux.ch/kurioses-und-kultiges/kleinigkeiten-und-verspieltes/intelligente-knete/intelligente-knete-mini-dose-stk.html,https://www.jugglux.ch/media/image/16/9b/46/intelligente-knete-mini-dose-stk-218985-41960_600x600.jpg
2022-07-16,16. Juli 2022,Monica,5.0,Jonglierball Beanbag 110g,"Gute Bälle mit angenehmer Grösse für Kinder, aber auch für Erwachsene. Langlebig.",jonglierball-beanbag-110g-gelb-uni,https://www.jugglux.ch/jonglieren-und-artistik/baelle-zum-jonglieren/jonglierbaelle-zum-trainieren/jonglierball-beanbag-110g/jonglierball-beanbag-110g-gelb-uni.html,https://www.jugglux.ch/media/image/4b/6d/e6/jonglierball-beanbag-110g-gelb-uni-233610-20477_600x600.jpg
2022-07-14,14. Juli 2022,Rikke,5.0,Funktioniert tipp topp,,pustefix-multi-bubbler,https://www.jugglux.ch/kurioses-und-kultiges/seifenblasen-pustefix-und-zauberseife/pustefix-seifenblasen/pustefix-multi-bubbler.html,https://www.jugglux.ch/media/image/f5/05/60/pustefix-multi-bubbler-216923-32770_600x600.jpg
2022-07-14,14. Juli 2022,Corina,4.5,gute Qualität,"sehr herzige Hasen, gute Qualität und angemessener Preis",spielfiguren-hase-weiss,https://www.jugglux.ch/spiele-und-geschenke/spielmaterial/spielfiguren-diverse/spielfiguren-hase-weiss.html,https://www.jugglux.ch/media/image/19/90/93/spielfiguren-hase-weiss-224127-39773_600x600.jpg
2022-07-14,14. Juli 2022,Corina,4.5,gut Qualität,"sehr herzige Hasen, gute Qualität und angemessener Preis",spielfiguren-hase-braun,https://www.jugglux.ch/spiele-und-geschenke/spielmaterial/spielfiguren-diverse/spielfiguren-hase-braun.html,https://www.jugglux.ch/media/image/20/ec/d8/spielfiguren-hase-braun-224129-39774_600x600.jpg
2022-07-14,14. Juli 2022,Corina,5.0,gute Qualität,qualitativ gute Holzwürfel,spielwuerfel-aus-holz-16mm-diverse-farben,https://www.jugglux.ch/spiele-und-geschenke/wuerfel-fuer-spiele/holzwuerfel-augenwuerfel/spielwuerfel-aus-holz-16mm-diverse-farben.html,https://www.jugglux.ch/media/image/2d/57/f9/spielwurfel-aus-holz-16mm-diverse-farben-220607-32063_600x600.jpg
2022-07-12,12. Juli 2022,andrea,5.0,liegt sehr gut in der Hand,"Ich hatte zuerst ein anderes. Das one Yoyo liegt mir besser, vielleicht weil es etwas kleiner ist. Das Material ist auch angenehm zum Auffangen. Habe sie in versch. Farben gekauft.",yoyofactory-one-rot,https://www.jugglux.ch/outdoor-und-freizeit/yoyo-shop/freilauf-yoyos/yoyofactory-one-rot.html,https://www.jugglux.ch/media/image/bc/43/75/yoyofactory-one-rot-236409-34843_600x600.jpg
2022-07-12,12. Juli 2022,Mary,5.0,Genial,"Es ist ein geniales Diabolo, tolles Gewicht auch für die Kinder, super Lauf und tolle Tricks möglich, super auch, dass man LED Set anbringen kann.",hyperspin-tc-bearing-diabolo-purple-transparent,https://www.jugglux.ch/jonglieren-und-artistik/diabolos-und-zubehoer/diabolos-mit-kugellager/hyperspin-bearing-diabolos/hyperspin-tc-bearing-diabolo-purple-transparent.html,https://www.jugglux.ch/media/image/90/4e/91/hyperspin-tc-bearing-diabolo-purple-235547-43418_600x600.jpg
2022-07-11,11. Juli 2022,Jasmin,5.0,Tolles Fluid,"Kein Gestank oder Rauch, eher hoher Brennpunkt. Hat bestens geklappt für Kevlar-Pois.",pyro-star-fuer-fackeln-1-liter-raucharm,https://www.jugglux.ch/jonglieren-und-artistik/feuerartikel-und-zubehoer/anzuendfluessigkeit/pyro-star-fuer-fackeln-1-liter-raucharm.html,https://www.jugglux.ch/media/image/53/30/42/Pyro-Star-fuer-Fackeln-1-Liter-raucharm_600x600.jpg
2022-07-08,8. Juli 2022,etinen,5.0,"Wirklich ein super Kinderspiel ! Sehr schönes material, taktisch aber einfach","Ich kann dieser Spiel nur empfehlen. Beim ersten Aufbau dachte ich, es wird zu kompliziert mit jungen Kindern. Aber der Spiel ist wirklich super.",stone-age-junior-kinderspiel-des-jahres-2016,https://www.jugglux.ch/spiele-und-geschenke/brettspiele/kinderspiele/stone-age-junior-kinderspiel-des-jahres-2016.html,https://www.jugglux.ch/media/image/a3/94/e8/stoneage-junior-kinderspiel-des-jahres-2016-267750-47048_600x600.jpg
2022-07-08,8. Juli 2022,etinen,4.5,Toll gemacht und erstaunlich ausgeglichen,Dieser spiel ist einfach zu verstehen und man kann mit relativ jungen Kindern spielen. Es hat ein kooperatives und ein kompetitives Modus. Sehr gelungen und sehr schönes Material,zauberberg-magisches-kinderspiel-kinderspiel-des-jahres-2022,https://www.jugglux.ch/spiele-und-geschenke/brettspiele/kinderspiele/zauberberg-magisches-kinderspiel-kinderspiel-des-jahres-2022.html,https://www.jugglux.ch/media/image/dc/f9/f8/zauberberg-magisches-kinderspiel-256049-46322_600x600.jpg
2022-07-06,6. Juli 2022,Johann,5.0,Sehr schönes Carambole,"Sehr schön gefertigtes Spiel. Auch ich hätte erwartet, je einen Ersatzstein vorzufinden. Ansonsten gibt es aber überhaupt nichts auszusetzen.",carambole-brett-standard,https://www.jugglux.ch/spiele-und-geschenke/gesellschaftsspiele/carambole-brett-und-zubehoer/carambole-brett-standard.html,https://www.jugglux.ch/media/image/8e/31/24/carambole-brett-standard-221377-34224_600x600.jpg
2022-07-05,5. Juli 2022,Thomas,5.0,einfach GENIAL!,"Solange das Wasser im Glas so hoch ist, wie die Achse, funktioniert es einwandfrei über seeehr langer Zeit hinaus. Legt man das Glas weg, bewegt sich der Vogel weiter, bis alles Wasser am Kopf verdünstet ist. Weckt die Neugier vieler kleiner Wissenschaftler.
Wegen der gefährlichen Flüssigkeit im Inneren (Glas) von kleinen Händen fern halten.",original-drinking-bird-trinkender-vogel,https://www.jugglux.ch/experimente-und-magie/physikspiele-und-co/diverse-physikalische-spiele/original-drinking-bird-trinkender-vogel.html,https://www.jugglux.ch/media/image/fa/c5/fc/original-drinking-bird-trinkender-vogel-232780-43443_600x600.jpg
2022-07-05,5. Juli 2022,Thomas,5.0,Super Preis/Leistung,"Bei dem Preis darf man ehrlich gesagt nicht viel verlangen, jedoch läuft das Jojo stabil, die Schnurlänge ist optimal für Kinder, und die Holzfläche perfekt für kleine und grosse Artisten! Alles in allem mehr wert, als es kostet ;)",klassisches-holz-jojo-buche-natur,https://www.jugglux.ch/outdoor-und-freizeit/yoyo-shop/yoyos-aus-holz/klassisches-holz-jojo-buche-natur.html,https://www.jugglux.ch/media/image/22/5a/03/klassisches-holz-jojo-buche-natur-238441-43492_600x600.jpg
2022-07-05,5. Juli 2022,etinen,5.0,Ein kooperatives Kennerspiel dass man auch mit grösseren Kindern spielen kann,"Kennerspiel sind normalerweise zu anspruchsvoll für Kindern. Dieser Kennerspiel ist aber anders weil man kooperativ spielt, dh. Kindern können auch sehr gut mitspielen. Paleo hat wunderschönes Material, ist sehr umfangreich und die Wiederspielwert ist sehr hoch da die Ausgangslage, sich immer wieder verändert.
Es ist und bleibt ein Kennerspiel und darum muss man auch bereit sein der Spiel zu lernen und ein bisschen Zeit zu investieren, aber wir haben es auch mit ""nicht geübte Spieler"" gespielt und alle fanden es toll.",paleo-kennerspiel-des-jahres-2021,https://www.jugglux.ch/spiele-und-geschenke/brettspiele/spiele-des-jahres/paleo-kennerspiel-des-jahres-2021.html,https://www.jugglux.ch/media/image/96/53/d0/paleo-nominiert-als-kennerspiel-des-jahres-2021-244071-45838_600x600.jpg
2022-07-05,5. Juli 2022,etinen,5.0,"Ein sehr guten Einstieg in die ""clever"" Serie","Kindern und Eltern spielen sehr gerne dieses roll & Write Spiel. Er ist angegeben ab 5 Jahre, sicher eher ab 7+ Jahre. Es ist einfach zu verstehen und das Ziel ist es ein Maximum an Sterne zu sammeln durch geschicktes einsetzen der Würfelergebnisse.
""ganz schön clever"", ""doppelt so clever"" oder ""clever hoch drei"" sind vielleicht zu anspruchsvoll für Kindern. Dieser Spiel benutzt die selben Mechanismen aber in eine vereinfachtes Weise und darum sehr spannend für gross & klein.
Auch schon clever war nominiert zum Kinderspiel des Jahres 2022. Wer gerne qwixx, noch mal spielt, wird dieser spiel auch sehr gerne haben",auch-schon-clever-nominiert-zum-kinderspiel-des-jahres-2022,https://www.jugglux.ch/spiele-und-geschenke/brettspiele/spiele-des-jahres/auch-schon-clever-nominiert-zum-kinderspiel-des-jahres-2022.html,https://www.jugglux.ch/media/image/fe/2b/84/auch-schon-clever-nominiert-zum-kinderspiel-des-jahres-2022-47278_600x600.jpg
2022-07-05,5. Juli 2022,etinen,5.0,Ein sehr lustiges Partyspiel,"ein schnelles Partyspiel der allen zum Lachen bringt. Es ist ein typischer ""Skilager"" Spiel. Schwer zu finden im Laden und darum ist es immer gut Jugglux zu besuchen. Ganz klar eine Kaufempfehung.",who-did-it-krasse-kacke,https://www.jugglux.ch/spiele-und-geschenke/brettspiele/mitbringspiele/who-did-it-krasse-kacke.html,https://www.jugglux.ch/media/image/96/1e/b6/who-did-it-krasse-kacke-226684-42689_600x600.jpg
2022-07-05,5. Juli 2022,etinen,4.5,Schnell zum lernen. Spass für die ganze Familie,Ein lustiges und einfaches Familienspiel. Bei uns spielen es allen gerne.,drecksau-kartenspiel,https://www.jugglux.ch/spiele-und-geschenke/kartenspiele/beliebte-kartenspiele/drecksau-kartenspiel.html,https://www.jugglux.ch/media/image/dd/b4/46/drecksau-kartenspiel-222088-36255_600x600.jpg
2022-07-05,5. Juli 2022,etinen,4.5,Ein gelungenes Legespiel,Cascadia ist ein gelungenes und sehr schönes Legespiel. Sehr interessant ist dass der Spiel sich anpasst aufgrund wechselnder Wertungskarten. Somit sind jede Partie verschieden. Schön gemacht.,cascadia-im-herzen-der-natur-spiel-des-jahres-2022,https://www.jugglux.ch/spiele-und-geschenke/brettspiele/familienspiele/cascadia-im-herzen-der-natur-spiel-des-jahres-2022.html,https://www.jugglux.ch/media/image/f2/8d/0e/cascadia-im-herzen-der-natur-nominiert-zum-spiel-des-jahres-47193_600x600.jpg
2022-07-05,5. Juli 2022,Liz,2.5,Sorgenpüppchen,"nachdem ich für die 1.Bestellung sehr lange gewartet hatte, unterdessen ist sie endlich angekommen, habe ich das gleiche nochmals bestellt.Wenn möglich, könnten sie die 2.Bestellung stornieren? Danke. Gruss liz etzold",sorgenpueppchen-aus-guatemala-auf-blisterkarte,https://www.jugglux.ch/kurioses-und-kultiges/kleinigkeiten-und-verspieltes/krimskrams/sorgenpueppchen-aus-guatemala-auf-blisterkarte.html,https://www.jugglux.ch/media/image/db/e4/a1/sorgenpuppchen-aus-guatemala-219451-44023_600x600.jpg
2022-07-03,3. Juli 2022,B.Thaddey,5.0,"Alles Tipptopp, schneller und unkomplizierter Versand..",,schaumstoff-wuerfel-mit-punkten-groesse-16mm,https://www.jugglux.ch/spiele-und-geschenke/wuerfel-fuer-spiele/wuerfel-mit-6-flaechen/schaumstoff-wuerfel-mit-punkten-groesse-16mm.html,https://www.jugglux.ch/media/image/e5/d0/b5/schaumstoff-wurfel-mit-punkten-grosse-16mm-223149-38036_600x600.jpg
2022-07-01,1. Juli 2022,Brunner Marc,4.5,Super,"Passt gut zusammen, braucht aber Leim und Schere zum Zusammenbau.",camera-obscura-lochkamera-experimentierkasten,https://www.jugglux.ch/experimente-und-magie/bau-und-experimentierkasten/kraul-lernspielzeug/camera-obscura-lochkamera-experimentierkasten.html,https://www.jugglux.ch/media/image/32/36/e3/camera-obscura-lochkamera-experimentierkasten-230957-38084_600x600.jpg
2022-06-30,30. Juni 2022,Raphael,5.0,Ist Super freue mich ihn mehr zu brauchen,,hyperspin-tc-bearing-diabolo-black-transparent,https://www.jugglux.ch/jonglieren-und-artistik/diabolos-und-zubehoer/diabolos-mit-kugellager/hyperspin-bearing-diabolos/hyperspin-tc-bearing-diabolo-black-transparent.html,https://www.jugglux.ch/media/image/aa/0b/45/hyperspin-tc-bearing-diabolo-black-transparent-235546-43403_600x600.jpg
2022-06-27,27. Juni 2022,Fra,5.0,Très bien,"Robuste, fonctionne bien.",sattelstuetze-22.0mm-30cm-chrom,https://www.jugglux.ch/outdoor-und-freizeit/einrad-und-zubehoer/einrad-sattelstangen/sattelstuetze-22.0mm-30cm-chrom.html,https://www.jugglux.ch/media/image/24/d4/d5/sattelstutze-22-0mm-30cm-chrom-235891-30522_600x600.jpg
2022-06-27,27. Juni 2022,Fra,5.0,Super,Simple et très efficace,zauberbaelle-sponge-balls-supersoft-3-8-cm-rot,https://www.jugglux.ch/experimente-und-magie/zauberartikel-shop/zauberzubehoer/zauberbaelle-sponge-balls-supersoft-3-8-cm-rot.html,https://www.jugglux.ch/media/image/5a/bf/e4/zauberballe-sponge-balls-supersoft-3-8-cm-rot-230181-31148_600x600.jpg
2022-06-27,27. Juni 2022,Xavier,5.0,Très beau,Affaire réglée sans délai. Belles boîtes pour conserver les pions avec élégance et à placer sous les trous du plateau. Fini les pions qui finissent par terre. Top!,2-holzschachteln-set-fuer-carambole-steine,https://www.jugglux.ch/spiele-und-geschenke/gesellschaftsspiele/carambole-brett-und-zubehoer/2-holzschachteln-set-fuer-carambole-steine.html,https://www.jugglux.ch/media/image/6b/a6/46/2-holzschachteln-set-fur-carambole-steine-222768-37454_600x600.jpg
2022-06-27,27. Juni 2022,Xavier,5.0,Fantastique,"Tout s’est réglé rapidement. Le produit est simple, solide et agréable à utiliser.",carambole-richtschablone,https://www.jugglux.ch/spiele-und-geschenke/gesellschaftsspiele/carambole-brett-und-zubehoer/carambole-richtschablone.html,https://www.jugglux.ch/media/image/b6/32/b7/carambole-richtschablone-221604-34388_600x600.jpg
2022-06-24,24. Juni 2022,Schweizer,2.5,Eher enttäuschender Frosch,"Der Frosch ist eher schwer zum Aufziehen, für kleinere Kinder aus meiner Sicht nicht geeignet. Er hopst 1-2 Mal, dann wiederum fällt er nach dem Aufziehen einfach um. Jugglux zeigte sich kulant und gab mir eine Gutschrift.",saltotier-zum-aufziehen-1-stueck,https://www.jugglux.ch/kurioses-und-kultiges/aufzieh-objekte/aufzieh-objekte-aus-kunststoff/saltotier-zum-aufziehen-1-stueck.html,https://www.jugglux.ch/media/image/03/6b/18/saltotier-zum-aufziehen-1-stuck-217213-35009_600x600.jpg
2022-06-24,24. Juni 2022,Schweizer,5.0,Toller Kerl,Der Roboter lässt sich gut aufziehen und trottet beständig vorwärts. Ich finde ihn toll und kann auch von einem kleineren Kind gut gegriffen werden.,roboter-aufziehfigur,https://www.jugglux.ch/kurioses-und-kultiges/aufzieh-objekte/aufzieh-objekte-aus-kunststoff/roboter-aufziehfigur.html,https://www.jugglux.ch/media/image/46/90/71/roboter-aufziehfigur-219208-43389_600x600.jpg
2022-06-24,24. Juni 2022,Schweizer,4.0,Gemütliches Tier,"Der Dackel lässt sich gut aufziehen und ist äusserst gemütlich unterwegs. 2 Punkte Abzug, weil er sooo langsam ist",dackel-zum-aufziehen,https://www.jugglux.ch/kurioses-und-kultiges/aufzieh-objekte/aufzieh-objekte-aus-kunststoff/dackel-zum-aufziehen.html,https://www.jugglux.ch/media/image/g0/c6/2b/dackel-zum-aufziehen-254499-45754_600x600.jpg
2022-06-24,24. Juni 2022,Monica,5.0,Coole Leuchtmurmeln,prompte Lieferung und cooler Artikel,leuchtmurmeln-set-mit-9-stueck,https://www.jugglux.ch/kurioses-und-kultiges/murmeln-und-zubehoer/murmel-spiele-und-sets/leuchtmurmeln-set-mit-9-stueck.html,https://www.jugglux.ch/media/image/6f/cd/71/leuchtmurmeln-set-mit-9-stuck-250021-45998_600x600.jpg
2022-06-22,22. Juni 2022,,5.0,XXL Mathematik Tasse,,mathematik-xxl-tasse,https://www.jugglux.ch/spiele-und-geschenke/haushalt-und-gadgets/kueche-und-haushalt/mathematik-xxl-tasse.html,https://www.jugglux.ch/media/image/93/24/e0/mathematik-xxl-tasse-227497-43414_600x600.jpg
2022-06-21,21. Juni 2022,Matthias Zaugg,5.0,"Artikel wie beschrieben, sehr schnelle Lieferung. Besten Dank.",,kartenset-dog-standardqualitaet-2er-set,https://www.jugglux.ch/spiele-und-geschenke/spielmaterial/zubehoer-und-buecher-ueber-spiele/kartenset-dog-standardqualitaet-2er-set.html,https://www.jugglux.ch/media/image/6b/52/58/kartenset-dog-standardqualitat-2er-set-229827-45363_600x600.jpg
2022-06-21,21. Juni 2022,OE,5.0,Furzkissen mit lustigem Gesicht ca. 20cm,"Wie bestellt erhalten.
Super schnelle Lieferung.
Daumen Hoch!",furzkissen-mit-lustigem-gesicht-ca-20cm,https://www.jugglux.ch/kurioses-und-kultiges/kleinigkeiten-und-verspieltes/scherzartikel/furzkissen-mit-lustigem-gesicht-ca-20cm.html,https://www.jugglux.ch/media/image/29/e2/79/furzkissen-mit-lustigem-gesicht-ca-20cm-219740-44786_600x600.jpg
2022-06-20,20. Juni 2022,Katja,4.0,Nice,,bravo-lunastick-elements-leaves,https://www.jugglux.ch/jonglieren-und-artistik/flowersticks-devilsticks-buugeng/lunastix-und-flowersticks/bravo-lunastick-elements-leaves.html,https://www.jugglux.ch/media/image/01/3e/d8/bravo-lunastick-elements-leaves-234818-37594_600x600.jpg
2022-06-19,19. Juni 2022,Renato,5.0,Pupst einwandfrei,"Unser Kleiner hat riesen Spass daran!
Schnelle Lieferung!",furzkissen-mit-lustigem-gesicht-ca-20cm,https://www.jugglux.ch/kurioses-und-kultiges/kleinigkeiten-und-verspieltes/scherzartikel/furzkissen-mit-lustigem-gesicht-ca-20cm.html,https://www.jugglux.ch/media/image/29/e2/79/furzkissen-mit-lustigem-gesicht-ca-20cm-219740-44786_600x600.jpg
2022-06-19,19. Juni 2022,Renato,5.0,Sehr gut!,Hatte das Puzzle relativ schnell auseinander. Es wieder zusammenzusetzen ist einiges kniffliger!,cast-level-5-spiral,https://www.jugglux.ch/spiele-und-geschenke/knobel-und-geduldspiele/cast-knobelspiele-metall/cast-level-5-spiral.html,https://www.jugglux.ch/media/image/67/98/e8/cast-level-5-spiral-220199-30136_600x600.jpg
2022-06-19,19. Juni 2022,Renato,5.0,Super,Schnelle Lieferung und gewohnt gute Qualität!,cast-level-5-laby,https://www.jugglux.ch/spiele-und-geschenke/knobel-und-geduldspiele/cast-knobelspiele-metall/cast-level-5-laby.html,https://www.jugglux.ch/media/image/6a/b9/5c/cast-level-5-laby-220201-30138_600x600.jpg
2022-06-19,19. Juni 2022,Renato,5.0,Macht Laune,"Schnelle Lieferung!
Spiel ist schnell erklärt und macht Spass!",mamma-mia-kartenspiel,https://www.jugglux.ch/spiele-und-geschenke/kartenspiele/beliebte-kartenspiele/mamma-mia-kartenspiel.html,https://www.jugglux.ch/media/image/60/79/77/mamma-mia-kartenspiel-223462-38460_600x600.jpg
2022-06-15,15. Juni 2022,Armin,4.0,Tolles Spielzeug für Kinder,"Die Kinder lieben diesen Adler, sieht aus wie Zauberei, fördert Konzentration und einen ruhigen Umgang. Ich kann der jedem Empfehlen!
Er ist ein wenig zerbrechlich aber auch das hat seine positive Seite.",schwebeadler,https://www.jugglux.ch/experimente-und-magie/physikspiele-und-co/optisches-und-beobachten/schwebeadler.html,https://www.jugglux.ch/media/image/6d/a4/5d/schwebeadler-230559-34742_600x600.jpg
2022-06-15,15. Juni 2022,Suzanne,5.0,Alles perfekt,"Bestellung, Lieferung, alles super gut, schnell und unkomplizert geklappt! Die Musikdose funktioniert einwandfrei. Würde sofort wieder etwas bei jugglux bestellen. Herzlichen Dank!",musikdose-mit-melodie-hochzeitsmarsch,https://www.jugglux.ch/kurioses-und-kultiges/musikdosen-und-instrumente/klassische-melodien/musikdose-mit-melodie-hochzeitsmarsch.html,https://www.jugglux.ch/media/image/bf/bb/c0/musikdose-mit-melodie-hochzeitsmarsch-216755-31575_600x600.jpg
2022-06-13,13. Juni 2022,Loris,5.0,Contact Feuerschwert,"Sehr gute Verarbeitung fühlt sich sehr hochwertig an
Sehr gut ausbalanciert und sehr robust",contact-feuerschwert-laenge-126cm,https://www.jugglux.ch/jonglieren-und-artistik/feuerartikel-und-zubehoer/feuer-specials/contact-feuerschwert-laenge-126cm.html,https://www.jugglux.ch/media/image/03/81/6d/contact-feuerschwert-lange-126cm-234902-38194_600x600.jpg
2022-06-12,12. Juni 2022,Konrad Meyer,5.0,"Vielen Dank für die schnelle und freundliche Bedienung. Der bei Ihnen gekaufte Glasfiberstab dient zur Reparatur einer gebrochenen Segellatte. Schön, dass es möglich war, in ihrem Sortiment eine passendes Material zu finden. Beste Grüsse Konrad Meyer.",,fiberglasstab-6mm-200cm-weiss,https://www.jugglux.ch/outdoor-und-freizeit/drachen-und-zubehoer/zubehoer-fuer-drachen/fiberglas-staebe/fiberglasstab-6mm-200cm-weiss.html,https://www.jugglux.ch/media/image/4e/58/84/fiberglasstab-6mm-200cm-weiss-235826-39060_600x600.jpg
2022-06-12,12. Juni 2022,Claudia,5.0,Super Seifenblasenkonzentrat,Es entstehen grosse Seifenblasen,zauberseifenkonzentrat-1000ml,https://www.jugglux.ch/kurioses-und-kultiges/seifenblasen-pustefix-und-zauberseife/zauberseife-riesen-seifenblasen/zauberseifenkonzentrat-1000ml.html,https://www.jugglux.ch/media/image/86/d2/a4/36190_600x600.jpg
2022-06-11,11. Juni 2022,Karin walthert,5.0,Alles tip top,Richtig zum grübeln.,labyrinth-spiel-inside3-legend-the-ninja,https://www.jugglux.ch/spiele-und-geschenke/knobel-und-geduldspiele/3d-kugel-labyrinth/labyrinth-spiel-inside3-legend-the-ninja.html,https://www.jugglux.ch/media/image/5e/96/c8/labyrinth-spiel-inside3-legend-the-ninja-227991-43866_600x600.jpg
2022-06-11,11. Juni 2022,Jan Poland,2.0,"Kein Buch, höchstens ein Heftchen","Das Heftchen hat gerade mal 30 Seiten. Nur Bilder, keine Beschreibungen. Für den Inhalt ist der Preis viel zu hoch.",vertikaltuch-ueber-60-verschiedene-figuren-faller-und-abfolgen,https://www.jugglux.ch/jonglieren-und-artistik/artistik-medien-und-zirkusartikel/zirkus-selber-machen-buecher/vertikaltuch-ueber-60-verschiedene-figuren-faller-und-abfolgen.html,https://www.jugglux.ch/media/image/91/c3/1c/vertikaltuch-uber-60-verschiedene-figuren-faller-und-abfolgen-43026_600x600.jpg
2022-06-10,10. Juni 2022,Regula,5.0,Mariakäfer,Der Kafer läuft und läuft und läuft ... und lädt Gross und Klein zum Staunen ein - wunderbares Spielobjekt!,marienkaefer-dreht-an-der-tischkante,https://www.jugglux.ch/kurioses-und-kultiges/aufzieh-objekte/aufzieh-objekte-aus-metall/marienkaefer-dreht-an-der-tischkante.html,https://www.jugglux.ch/media/image/29/eb/6d/marienkafer-dreht-an-der-tischkante-219070-20850_600x600.jpg
2022-06-10,10. Juni 2022,Matthias,5.0,"Ausgezeichnete Diabolostäbe, sehr leicht inkl. toller und griffiger Schnur. Liegen perfekt in der Hand und die feine Oberfläche ermöglicht weitere Tricks...",,diabolostaebe-stabset-alu-henrys,https://www.jugglux.ch/jonglieren-und-artistik/diabolos-und-zubehoer/diabolos-zubehoer/diabolo-handstaebe/diabolostaebe-stabset-alu-henrys.html,https://www.jugglux.ch/media/image/6d/d5/b5/Diabolost-be-Stabset-Alu-Henrys_600x600.jpg
2022-06-10,10. Juni 2022,Matthias,5.0,"Sehr gutes Diabolo das Freude macht. Leider sieht man aufgrund des Designs nicht wirklich, dass es sich dreht. Da wären verschiedene Farben bzw. Linien hilfreich.",,cyclone-quartz-2-das-diabolo-mit-kugellager-gruen,https://www.jugglux.ch/jonglieren-und-artistik/diabolos-und-zubehoer/diabolos-mit-kugellager/diabolo-cyclone-quarz/cyclone-quartz-2-das-diabolo-mit-kugellager-gruen.html,https://www.jugglux.ch/media/image/0b/fa/32/cyclone-quartz-2-das-diabolo-mit-kugellager-grun-23472-36905_600x600.jpg
2022-06-07,7. Juni 2022,Gilbert Kaufmann,3.5,Jokari,"le jeu en lui-même est conforme à mes attentes, mais la balle est fournie avec seulement 0,5 mètre d'élastique, ce n'est pas normal.",schlagball-spiel-jokari,https://www.jugglux.ch/outdoor-und-freizeit/outdoor-und-gartenspiele/gartenspiele/schlagball-spiel-jokari.html,https://www.jugglux.ch/media/image/e6/86/29/schlagball-spiel-jokari-238697-44407_600x600.jpg
2022-06-03,3. Juni 2022,Niklaus,5.0,Leuchtende Farben und normal grosse Würfel,"Die Würfel sind normal gross, wie ich sie von anderen Brettspiele kenne. Die Farben leuchten schön und das Transparente gibt dem Würfel einen speziellen Touch. Die Augen auf dem Würfel kann trotz Transparent sehr gut erkannt werden. Ausgenommen beim weissen Würfel. Hier muss genau hingeschaut werden. Daher einen Punkt abzug.
Ich würde diese wieder kaufen (ausser den Weissen).",wuerfel-6-flaechen-16mm-transparent,https://www.jugglux.ch/spiele-und-geschenke/wuerfel-fuer-spiele/wuerfel-mit-6-flaechen/wuerfel-6-flaechen-16mm-transparent.html,https://www.jugglux.ch/media/image/01/67/b8/wurfel-6-flachen-16mm-transparent-250599-46099_600x600.jpg
2022-06-03,3. Juni 2022,Thomas,5.0,Alles bestens,Sehr schöne Bälle. Da haben wir gleich losgespielt...,tipp-kick-baelle-set-mit-5-stk,https://www.jugglux.ch/spiele-und-geschenke/gesellschaftsspiele/tipp-kick-und-subbuteo/tipp-kick-baelle-set-mit-5-stk.html,https://www.jugglux.ch/media/image/cf/1e/71/tipp-kick-balle-set-mit-5-stk-220107-21844_600x600.jpg
2022-06-03,3. Juni 2022,ma,5.0,"Gutes,, vielseitig anwendbares Spiel","Dieses Spiel ist sehr gut angekommen, es wurde sofort ausgiebig damit gespielt und experimentiert,!!
Super!",crossboccia-familypack-pro,https://www.jugglux.ch/outdoor-und-freizeit/outdoor-und-gartenspiele/crossboccia-und-crossboule/crossboccia-familypack-pro.html,https://www.jugglux.ch/media/image/6c/f0/99/crossboccia-familypack-pro-238621-44263_600x600.jpg
2022-04-29,29. April 2022,bettina,2.5,Gut...aber...,"Kinder haben Spass mit dem Ball, nur die elastische Schnur reisst sehr schnell.",returnball-wurf-und-fangball-ball-mit-gummischnur-fuer-das-handgelenk,https://www.jugglux.ch/kurioses-und-kultiges/kleinigkeiten-und-verspieltes/gumpi-baelle-und-flummis/returnball-wurf-und-fangball-ball-mit-gummischnur-fuer-das-handgelenk.html,https://www.jugglux.ch/media/image/49/0c/c5/returnball-wurf-fangball-ball-mit-gummischnur-fur-das-handgelenk-43714_600x600.jpg
2022-04-27,27. April 2022,bettina,5.0,Super!,"Schon das zweite Mal die Eidechsen bestellt, meine Tochter und die Nachbarskinder lieben sie!",stretch-echse,https://www.jugglux.ch/kurioses-und-kultiges/kleinigkeiten-und-verspieltes/krimskrams/stretch-echse.html,https://www.jugglux.ch/media/image/66/9a/20/stretch-echse-218316-40883_600x600.jpg
2022-04-24,24. April 2022,Mathias,5.0,Top Devilstick,"Robust, ausgewogen, ideal, was die Haftreibung anbelangt. Empfehlung für Anfänger wie auch für Fortgeschrittene!",devilstick-grip-der-haftende-orange,https://www.jugglux.ch/jonglieren-und-artistik/flowersticks-devilsticks-buugeng/devilsticks-grip/devilstick-grip-der-haftende-orange.html,https://www.jugglux.ch/media/image/5f/31/d1/devilstick-grip-der-haftende-orange-233404-20214_600x600.jpg
2022-04-24,24. April 2022,Mathias,5.0,Top Devilstick,"Robust, ausgewogen, ideal, was die Haftreibung anbelangt. Empfehlung für Anfänger wie auch für Fortgeschrittene!",devilstick-grip-der-haftende-gelb,https://www.jugglux.ch/jonglieren-und-artistik/flowersticks-devilsticks-buugeng/devilsticks-grip/devilstick-grip-der-haftende-gelb.html,https://www.jugglux.ch/media/image/58/f7/48/devilstick-grip-der-haftende-gelb-233403-20213_600x600.jpg
2022-04-24,24. April 2022,Mathias,5.0,Super!,"Schönes Grün:-) lässt sich gut spielen, ideales Verhältnis Grösse/Gewicht für Anfänger und Fortgeschrittene.",diabolo-jazz-gruen-das-mittlere,https://www.jugglux.ch/jonglieren-und-artistik/diabolos-und-zubehoer/diabolos-fuer-kinder/diabolo-jazz/diabolo-jazz-gruen-das-mittlere.html,https://www.jugglux.ch/media/image/0f/c5/1c/diabolo-jazz-grun-das-mittlere-233459-20290_600x600.jpg
2022-04-24,24. April 2022,Mathias,5.0,Tolles Produkt!,"Schönes Diabolo! Braucht aber als Anfänger etwas Zeit, es richtig in Schwung zu bringen. Wenn es dann rollt, dann rollt es aber! Ich empfehle es deshalb eher für Jugendliche/Erwachsene als für Kinder.",diabolo-vision-schwarz,https://www.jugglux.ch/jonglieren-und-artistik/diabolos-und-zubehoer/diabolos-fuer-kinder/diabolo-vision/diabolo-vision-schwarz.html,https://www.jugglux.ch/media/image/42/ac/4c/diabolo-vision-schwarz-234161-31544_600x600.jpg
2022-04-24,24. April 2022,Mathias,5.0,Für unentschlossene Anfänger sehr geeignet,"Gutes Preis-Leistungsverhältnis (weiss noch nicht, wie es sich auf Dauer bewährt). Deshalb ideal für Anfänger (auch Kinder) welche das Diabolospielen gerne erst einmal ausprobieren möchten. Es lassen sich damit doch schon etliche Basistricks umsetzen.
Die Farbe ""weiss"" wirkt am Bildschirm doch noch etwas cleaner als im Original - tut nichts zur Sache, ist aber für Farbfetischisten gut zu wissen.",diabolo-rubberking-weiss-das-pflegeleichte,https://www.jugglux.ch/jonglieren-und-artistik/diabolos-und-zubehoer/diabolos-fuer-kinder/diabolo-rubberking/diabolo-rubberking-weiss-das-pflegeleichte.html,https://www.jugglux.ch/media/image/17/ba/98/diabolo-rubberking-weiss-das-pflegeleichte-233495-20323_600x600.jpg
2022-04-18,18. April 2022,Oskar,5.0,Munition für Konfettipistole 6x6,Schnelle Lieferung,munition-fuer-konfettipistole-6x6,https://www.jugglux.ch/spiele-und-geschenke/fest-und-party-artikel/diverse-party-artikel/munition-fuer-konfettipistole-6x6.html,https://www.jugglux.ch/media/image/c5/0a/dc/munition-fur-konfettipistole-6x6-220071-21493_600x600.jpg
2022-04-17,17. April 2022,Martin,4.0,Im Prinzip gut ;),Wenige Figuren haben auf der Standfläche eine kleine Erhebung (Rückstand der Lackierung?) und stehen deshalb nicht wirklich gerade. Ansonsten i.o.,spielfigur-holz-24mm-halmakegel-dunkelblau,https://www.jugglux.ch/spiele-und-geschenke/spielmaterial/spielfiguren-halmakegel/spielfigur-holz-24mm-halmakegel-dunkelblau.html,https://www.jugglux.ch/media/image/f1/9b/fa/spielfigur-holz-24mm-halmakegel-dunkelblau-226167-42451_600x600.jpg
2022-04-17,17. April 2022,Jakob,5.0,Gute Erklärungen für Vertikaltuchartisten,Unsere Tochter kann mit dem Video-Material selbständig neue Figuren lernen und bekommt viele wertvolle Tips und Tricks. Die Investition hat sich auf jeden Fall gelohnt.,vertikaltuch-leicht-gemacht-videografisches-lehrmittel,https://www.jugglux.ch/jonglieren-und-artistik/artistik-medien-und-zirkusartikel/vertikaltuecher/vertikaltuch-leicht-gemacht-videografisches-lehrmittel.html,https://www.jugglux.ch/media/image/10/66/3f/vertikaltuch-leicht-gemacht-videografisches-lehrmittel-25-46500_600x600.jpg
2022-04-13,13. April 2022,Anne,2.0,Geht so,"War ok, allerdings haben die seitlichen Schlösser nicht funktioniert und die Box ging auf ohne die Lösung gefunden zu haben...",escape-welt-orbital-box,https://www.jugglux.ch/spiele-und-geschenke/knobel-und-geduldspiele/trickkisten/escape-welt-orbital-box.html,https://www.jugglux.ch/media/image/2d/bd/1e/escape-welt-orbital-box-258763-46495_600x600.jpg
2022-04-13,13. April 2022,Karin,5.0,"Schnelle Lieferung, alles tiptop und einwandfrei. bestelle sehr gerne wieder.",,returnball-wurf-und-fangball-ball-mit-gummischnur-fuer-das-handgelenk,https://www.jugglux.ch/kurioses-und-kultiges/kleinigkeiten-und-verspieltes/gumpi-baelle-und-flummis/returnball-wurf-und-fangball-ball-mit-gummischnur-fuer-das-handgelenk.html,https://www.jugglux.ch/media/image/49/0c/c5/returnball-wurf-fangball-ball-mit-gummischnur-fur-das-handgelenk-43714_600x600.jpg
2022-04-12,12. April 2022,,5.0,Sehr gut,,kugelbahn-fuer-duplo-lego-hubelino-mini,https://www.jugglux.ch/kurioses-und-kultiges/murmeln-und-zubehoer/kugelbahnen/kugelbahn-fuer-duplo-lego-hubelino-mini.html,https://www.jugglux.ch/media/image/ab/6f/e8/kugelbahn-fur-duplo-lego-hubelino-mini-219985-37898_600x600.jpg
2022-04-12,12. April 2022,,5.0,Sehr gut,,kugelbahn-fuer-duplo-lego-hubelino-mini,https://www.jugglux.ch/kurioses-und-kultiges/murmeln-und-zubehoer/kugelbahnen/kugelbahn-fuer-duplo-lego-hubelino-mini.html,https://www.jugglux.ch/media/image/ab/6f/e8/kugelbahn-fur-duplo-lego-hubelino-mini-219985-37898_600x600.jpg
2022-04-12,12. April 2022,,5.0,Top,,holz-domino,https://www.jugglux.ch/spiele-und-geschenke/brettspiele/domino/holz-domino.html,https://www.jugglux.ch/media/image/18/78/ff/holz-domino-222732-37197_600x600.jpg
2022-04-12,12. April 2022,,5.0,Sehr gut Produkte,,kugelbahn-fuer-duplo-lego-hubelino-mini,https://www.jugglux.ch/kurioses-und-kultiges/murmeln-und-zubehoer/kugelbahnen/kugelbahn-fuer-duplo-lego-hubelino-mini.html,https://www.jugglux.ch/media/image/ab/6f/e8/kugelbahn-fur-duplo-lego-hubelino-mini-219985-37898_600x600.jpg
2022-04-11,11. April 2022,Marimar,3.5,Wackeltier Dino,"Gute Verarbeitung, sehr schneller Versand, funktiniert einwandfrei.
Leider nicht wie abgebildet…der Dino ist rot anstatt grün!",wackeltier-dino-aus-holz,https://www.jugglux.ch/kurioses-und-kultiges/nostalgie-und-klassiker/wackelfiguren-holz/wackeltier-dino-aus-holz.html,https://www.jugglux.ch/media/image/8d/35/ec/21580_600x600.jpg
2022-04-11,11. April 2022,Marimar,5.0,Wackeltier Kuh,"Gute Verarbeitung, sehr schneller Versand, funktiniert einwandfrei, genau wie abgebildet",wackeltier-kuh-aus-holz,https://www.jugglux.ch/kurioses-und-kultiges/nostalgie-und-klassiker/wackelfiguren-holz/wackeltier-kuh-aus-holz.html,https://www.jugglux.ch/media/image/96/c9/cd/wackeltier-kuh-aus-holz-216825-30837_600x600.jpg
2022-04-10,10. April 2022,Lisa,5.0,wunderschön,"kleine Kostbarkeiten, einzeln eingepackt",handgemachte-murmel-16mm-petunie,https://www.jugglux.ch/kurioses-und-kultiges/murmeln-und-zubehoer/handgearbeitete-murmeln-bis-20mm/handgemachte-murmel-16mm-petunie.html,https://www.jugglux.ch/media/image/8d/85/5b/handgemachte-murmel-16mm-petunie-218034-38429_600x600.jpg
2022-04-09,9. April 2022,Rahel,5.0,Velostempel,Toller Stempel mit klaren Konturen.,ministempel-fahrrad,https://www.jugglux.ch/kurioses-und-kultiges/ministempel-shop/einzel-motive-1-stemplino/ministempel-fahrrad.html,https://www.jugglux.ch/media/image/aa/70/b3/ministempel-fahrrad-217294-35538_600x600.jpg
2022-04-09,9. April 2022,Simone,5.0,Herzlichen Dank!,"Danke, fürs schnelle Versenden.
Wir freuen uns in der Kirchgemeinde nun mit den Kindern den Regenbogen im Familiengottesdienst sehen zu können. Danke!",regenbogengucker,https://www.jugglux.ch/experimente-und-magie/physikspiele-und-co/optisches-und-beobachten/regenbogengucker.html,https://www.jugglux.ch/media/image/4f/bd/e9/regenbogengucker-230164-31061_600x600.jpg
2022-04-07,7. April 2022,Maya Tonella,5.0,Kaugummiautomat.,Die Lieferung erfolgte prompt und die Ware war in einem sehr guten Zustand.,nostalgische-kaugummimaschine-original-kaugummiautomat,https://www.jugglux.ch/kurioses-und-kultiges/nostalgie-und-klassiker/nostalgische-spielereien/nostalgische-kaugummimaschine-original-kaugummiautomat.html,https://www.jugglux.ch/media/image/50/9e/b7/nostalgische-kaugummimaschine-original-kaugummiautomat-21-40380_600x600.jpg
2022-04-06,6. April 2022,Ursula,5.0,top,"knifflig, aber mit Hilfe aus dem Internet lösbar",cast-level-6-news,https://www.jugglux.ch/spiele-und-geschenke/knobel-und-geduldspiele/cast-knobelspiele-metall/cast-level-6-news.html,https://www.jugglux.ch/media/image/f0/0c/1b/cast-level-6-news-220205-30142_600x600.jpg
2022-04-06,6. April 2022,René,5.0,Super schnelle Lieferung,Super schnell geliefert. Murmeln wie beschrieben. Adresse sehr empfehlenswert.,glasmurmel-22-25mm-perlmutt-rot,https://www.jugglux.ch/kurioses-und-kultiges/murmeln-und-zubehoer/glasmurmeln-mittel/glasmurmel-22-25mm-perlmutt-rot.html,https://www.jugglux.ch/media/image/56/44/96/unbekannt-vGrB_600x600.jpg
2022-04-05,5. April 2022,Fabienne Beer,5.0,Häckysack,"Die kleinen Jonglierbälle eignen sich vorallem super für kleine Hände und Anfänger. Schöne Verarbeitung, einziger Kritikpunkt: sie riechen etwas rauchig am Anfang.",haekel-hackysack,https://www.jugglux.ch/outdoor-und-freizeit/outdoor-und-gartenspiele/footbags-und-hackysack/haekel-hackysack.html,https://www.jugglux.ch/media/image/0b/40/e8/hakel-hackysack-238395-20113_600x600.jpg
2022-04-04,4. April 2022,Susan,5.0,Perfekt,Perfekt! Artikel wie beschrieben/ super schnelle Lieferung!!,basketball-flummi-springball-im-basketball-design,https://www.jugglux.ch/kurioses-und-kultiges/kleinigkeiten-und-verspieltes/gumpi-baelle-und-flummis/basketball-flummi-springball-im-basketball-design.html,https://www.jugglux.ch/media/image/6f/88/83/basketball-flummi-springball-im-basketball-design-218809-42552_600x600.jpg
2022-04-03,3. April 2022,,4.5,Jonglierbälle grün-schwarz,"An der Qualität gibt es nichts auszusetzen, jedoch war ich etwas enttäuscht über die Farbe, die im Shop leuchtend hellgrün dargestellt war, jedoch als ich die Bälle erhielt war das Grün viel dunkler und nicht leuchtend wie im Bild. Da ich die Bälle farblich passend zu etwas Bestimmtem bestellt hatte, war ich darüber etwas enttäuscht. Aber eben, an der guten Qualität ändert die Farbe ja nichts :-)",jonglierball-beanbag-130g-gruen-mit-schwarz,https://www.jugglux.ch/jonglieren-und-artistik/baelle-zum-jonglieren/jonglierbaelle-zum-trainieren/jonglierball-beanbag-130g/jonglierball-beanbag-130g-gruen-mit-schwarz.html,https://www.jugglux.ch/media/image/95/b7/50/jonglierball-beanbag-130g-grun-mit-schwarz-233628-20495_600x600.jpg
2022-04-01,1. April 2022,Golfer,4.5,"Qualität gut, Preis- Leistung ebenfalls",,aufkleber-fuer-scheiben-golfball-durch-glasscheibe,https://www.jugglux.ch/spiele-und-geschenke/geschenkideen/freche-geschenke/aufkleber-fuer-scheiben-golfball-durch-glasscheibe.html,https://www.jugglux.ch/media/image/8f/fe/16/aufkleber-fur-scheiben-golfball-durch-glasscheibe-229375-45101_600x600.jpg
2021-07-31,31. Juli 2021,Herrli,5.0,Wunderschöne Geburtstagskerzen,"Wunderschöne Geburtstagskerzen, sehr schnell geliefert und alles von den Farben wie gewünscht geliefert. Alles Top, immer wieder!",kerze-in-form-eines-luftballons-mit-happy-birthday-aufschrift,https://www.jugglux.ch/spiele-und-geschenke/fest-und-party-artikel/kerzen-und-fackeln/kerze-in-form-eines-luftballons-mit-happy-birthday-aufschrift.html,https://www.jugglux.ch/media/image/86/3a/1d/kerze-in-form-eines-luftballons-mit-happy-birthday-aufschrift-38965_600x600.jpg
2021-07-30,30. Juli 2021,Lina,4.5,Kompakt und gutes Gewicht,"Der Bravo Lunastick hat mit seinen 160g ein sehr angenehmes Gewicht (zumindest direkt auf der Haut gespielt, mit den Stäben habe ich keine Erfahrung). Seine Länge von 42 cm finde ich ebenfalls sehr angenehm, da er dadurch etwas kompakter ist als andere Lunasticks.
Kontakt und Lieferung mit Jugglux wie gewohnt unkompliziert.",bravo-lunastick-elements-carbon,https://www.jugglux.ch/jonglieren-und-artistik/flowersticks-devilsticks-buugeng/lunastix-und-flowersticks/bravo-lunastick-elements-carbon.html,https://www.jugglux.ch/media/image/f8/8a/25/37592_600x600.jpg
2021-07-30,30. Juli 2021,Melanie Schär,5.0,Simple Dimple,Mein Kind hatt Spass,simple-dimple-pop-it-schluesselanhaenger,https://www.jugglux.ch/spiele-und-geschenke/haushalt-und-gadgets/schluesselanhaenger/simple-dimple-pop-it-schluesselanhaenger.html,https://www.jugglux.ch/media/image/b8/c3/ca/simple-dimple-pop-it-schlusselanhanger-242213-45677_600x600.jpg
2021-07-29,29. Juli 2021,Massimo Petrilli,0.5,Total anders gekommen,Habe etwas anderes bekommen….. meine Sohn war nicht zufrieden,tech-deck-fingerboard,https://www.jugglux.ch/kurioses-und-kultiges/kleinigkeiten-und-verspieltes/krimskrams/tech-deck-fingerboard.html,https://www.jugglux.ch/media/image/89/e6/c3/43704_600x600.jpg
2021-07-28,28. Juli 2021,Jungwachtleiter,5.0,Super Einsteiger-Yoyo,"Als langjähriger und erfahrener Yoyo-Spieler kann ich dieses Yoyo für alle Einsteiger wärmstens empfehlen. Für diesen Preis bietet es alles, was man braucht, um Yoyo spielen zu lernen. Sogar ein Non-Response Kugellager falls man dem Yoyo Fieber komplett hinfällt. Sicher nicht das ""beste"" Yoyo überhaupt, aber man macht nichts falsch, wenn man das als erstes Yoyo kauft!",yoyofactory-one-schwarz,https://www.jugglux.ch/outdoor-und-freizeit/yoyo-shop/freilauf-yoyos/yoyofactory-one-schwarz.html,https://www.jugglux.ch/media/image/76/c8/ca/yoyofactory-one-schwarz-236455-35409_600x600.jpg
2021-07-27,27. Juli 2021,Karin Jungen,4.5,Bedienungsanleitung fehlt,Ich hab keine Ahnung wie dieses Boot funktioniert . Schade war keine Anleitung dabei.,dampfboot-kerzenboot-recycling-dampfboot,https://www.jugglux.ch/kurioses-und-kultiges/nostalgie-und-klassiker/blechspielzeug/dampfboot-kerzenboot-recycling-dampfboot.html,https://www.jugglux.ch/media/image/d0/84/5f/dampfboot-kerzenboot-recycling-dampfboot-216541-20177_600x600.jpg
2021-07-27,27. Juli 2021,Roland Kuhn,5.0,Sehr viel Spass,,modellbogen-kyburg,https://www.jugglux.ch/experimente-und-magie/bastelbogen-und-modellbogen/modellbogen/modellbogen-kyburg.html,https://www.jugglux.ch/media/image/ed/f0/38/modellbogen-kyburg-230418-33441_600x600.jpg
2021-07-26,26. Juli 2021,Jasmin,5.0,Alles tip top,,carrom-brett-mango,https://www.jugglux.ch/spiele-und-geschenke/gesellschaftsspiele/carambole-brett-und-zubehoer/carrom-brett-mango.html,https://www.jugglux.ch/media/image/21/49/c3/carrom-brett-mango-223594-38816_600x600.jpg
2021-07-25,25. Juli 2021,Hans,4.5,Bumerang gut für Anfänger zum Üben,,bumerang-fire-rechtshaender,https://www.jugglux.ch/outdoor-und-freizeit/frisbee-und-bumerang/bumerang-holz/bumerang-fire-rechtshaender.html,https://www.jugglux.ch/media/image/82/9a/db/bumerang-fire-rechtshander-236599-36280_600x600.jpg
2021-07-24,24. Juli 2021,Zeljko Cvijetic,4.0,Bewertung,,kleines-wasserrad,https://www.jugglux.ch/experimente-und-magie/bau-und-experimentierkasten/kraul-lernspielzeug/kleines-wasserrad.html,https://www.jugglux.ch/media/image/e0/b4/6a/kleines-wasserrad-230040-21358_600x600.jpg
2021-07-23,23. Juli 2021,Ingrid Kohler,5.0,Sehr erfreut,,kusspuppen-romeo-und-julia-rot-blau,https://www.jugglux.ch/experimente-und-magie/physikspiele-und-co/magnetische-spiele/kusspuppen-romeo-und-julia-rot-blau.html,https://www.jugglux.ch/media/image/15/53/85/Kusspuppen-kaufen-Romeo-und-Julia-rot-blau-4052103008663_600x600.jpg
2021-07-20,20. Juli 2021,Carlo,5.0,Stäbe,Super gut auch für Kinder so wie für erwachsene,diabolo-stabset-alu-henrys-gruen,https://www.jugglux.ch/jonglieren-und-artistik/diabolos-und-zubehoer/diabolos-zubehoer/diabolo-handstaebe/diabolo-stabset-alu-henrys-gruen.html,https://www.jugglux.ch/media/image/9f/46/cd/diabolo-stabset-alu-henrys-grun-234428-33694_600x600.jpg
2021-07-19,19. Juli 2021,Eliane,5.0,Port Royal,"Tolles Piraten-Kartenspiel. Spannend, abwechslungsreich, strategisch und auch ein wenig Glück...",port-royal-das-spiel-mit-piraten-flair,https://www.jugglux.ch/spiele-und-geschenke/kartenspiele/kartenspiele-fuer-erwachsene/port-royal-das-spiel-mit-piraten-flair.html,https://www.jugglux.ch/media/image/4c/9d/01/port-royal-das-spiel-mit-piraten-flair-222021-35948_600x600.jpg
2021-07-19,19. Juli 2021,Eliane,5.0,Klattschen,Tolles Trinkspiel!,klattschen-das-wahrscheinlich-beste-trinkspiel-aller-zeiten,https://www.jugglux.ch/spiele-und-geschenke/brettspiele/gruppenspiele/klattschen-das-wahrscheinlich-beste-trinkspiel-aller-zeiten.html,https://www.jugglux.ch/media/image/37/23/80/klattschen-das-wahrscheinlich-beste-trinkspiel-aller-zeiten-43951_600x600.jpg
2021-07-18,18. Juli 2021,fiona grünenfelder,5.0,Ist sehr schnell gegangen,"Die Erdmännchen haben eine gute Qualität, die Bestellung ist nach einem Tag gekommen ist sehr schnell gegangen!",gluecksbringer-mini-erdmaennchen,https://www.jugglux.ch/spiele-und-geschenke/geschenkideen/mini-gluecksbringer/gluecksbringer-mini-erdmaennchen.html,https://www.jugglux.ch/media/image/0c/3e/9c/glucksbringer-mini-erdmannchen-221854-35330_600x600.jpg
2021-07-17,17. Juli 2021,Anne-Marie,5.0,Umdrehkreisel aus Holz,"Der Kreisel ist sehr schön verarbeitet und liegt gut in den Händen. Mit ein wenig Übung dreht er sich jedes Mal auf den Stiel und dreht ungewöhnlich lange für einen Holzkreisel.
Uns hatte die gelieferte Farbe (rosa) nicht gefallen. Also haben wir ihn mit Permanentmarkern einfach umgemalt. Das ging problemlos.
Ein schönes Spielzeug!",umdrehkreisel-aus-holz-tango-30mm,https://www.jugglux.ch/experimente-und-magie/physikspiele-und-co/kreisel-und-gyroscope/umdrehkreisel-aus-holz-tango-30mm.html,https://www.jugglux.ch/media/image/dc/ef/cf/umdrehkreisel-aus-holz-tango-30mm-230200-31304_600x600.jpg
2021-07-17,17. Juli 2021,Anne-Marie,5.0,Waboba Moon Ball Nasa,Genial! Der Ball springt gigantisch hoch - und das ohne dass man viel Kraft aufwenden muss. Eine klare Kaufempfehlung und jeden Rappen wert!,waboba-moon-ball-nasa,https://www.jugglux.ch/kurioses-und-kultiges/kleinigkeiten-und-verspieltes/gag-baelle-und-spezial-baelle/waboba-moon-ball-nasa.html,https://www.jugglux.ch/media/image/5c/a9/e1/waboba-moon-ball-nasa-219491-44220_600x600.jpg
2021-07-17,17. Juli 2021,Anne-Marie,5.0,Leuchtende Mondschein-Glasmurmeln - Set mit 3 Stück,Die Murmeln sind sehr schön! Sie leuchten nicht ganz so stark wie auf dem Photo. Aber sie leuchten und man kann sogar die Farben im Dunkeln unterscheiden: je nach Farbe der Murmeln hat es mehr oder weniger Leuchtpartikel. Sie haben eine gute Grösse und sind auch bei Tag schön anzusehen.,leuchtende-mondschein-glas-murmeln-set-mit-3-stk,https://www.jugglux.ch/kurioses-und-kultiges/murmeln-und-zubehoer/murmel-spiele-und-sets/leuchtende-mondschein-glas-murmeln-set-mit-3-stk.html,https://www.jugglux.ch/media/image/0e/b5/5e/leuchtende-mondschein-glas-murmeln-set-mit-3-stk-218817-42383_600x600.jpg
2021-07-14,14. Juli 2021,Niki,5.0,"Tolles Spiel, schnelle Lieferung","Das Spiel macht total viel Spass und ist ideal für kleinere Gruppen, die sich schon ein wenig aber nicht zu gut kennen. Auf den ersten Blick scheint es ein reines Ratespiel zu sein, aber schnell merkt man, dass sich Personen in den kuriosen Fragen wiederfinden lassen. Das Spiel ist schon am Tag nach der Bestellung in gutem Zustand bei mir eingetroffen.",who-is-lu-wer-der-mitspielenden-ist-lu,https://www.jugglux.ch/spiele-und-geschenke/brettspiele/gruppenspiele/who-is-lu-wer-der-mitspielenden-ist-lu.html,https://www.jugglux.ch/media/image/5c/94/9f/Who-is-Lu-Spiel-798190121604_600x600.jpg
2021-07-13,13. Juli 2021,Blum Josef,4.5,Zug um Zug Europa Erweiterung 1912 - Ticket to Ride,"Interessante Ergänzung, macht das Spiel attraktiver.
Sehr prompte Lieferung.",zug-um-zug-europa-erweiterung-1912-ticket-to-ride,https://www.jugglux.ch/spiele-und-geschenke/brettspiele/erweiterungen/zug-um-zug-europa-erweiterung-1912-ticket-to-ride.html,https://www.jugglux.ch/media/image/23/37/e7/zug-um-zug-europa-erweiterung-1912-ticket-to-ride-223500-38560_600x600.jpg
2021-07-12,12. Juli 2021,Seri,3.5,Wie gewohnt gute Qualität,"Die Brixies-Artikel sind lustig, hübsch anzuschauen, toll für ""Lego""-Fans und eignen sich super, um einen Gutschein aufzupeppen. Die Qualität ist wie gewohnt gut und der Preis wie gewohnt eher hoch.",brixies-strandkorb,https://www.jugglux.ch/spiele-und-geschenke/knobel-und-geduldspiele/diverse-puzzles/brixies-strandkorb.html,https://www.jugglux.ch/media/image/7b/ae/e8/brixies-strandkorb-223032-37893_600x600.png
2021-07-11,11. Juli 2021,Claudia Wyss,5.0,"Ultraschnell geliefert, top Kundenbetreuung","Wow, reibungslose, blitzschnelle Abwicklung mit Jugglux - gerne wieder. :)",krimitotal-der-fall-einer-lady,https://www.jugglux.ch/spiele-und-geschenke/kartenspiele/krimi-total/krimitotal-der-fall-einer-lady.html,https://www.jugglux.ch/media/image/73/81/bd/krimitotal-der-fall-einer-lady-227248-43223_600x600.jpg
2021-07-07,7. Juli 2021,Carlo,5.0,Diaboloschnur,"Coole Farbe, sieht man gut!!!!",diaboloschnur-10m-gelb,https://www.jugglux.ch/jonglieren-und-artistik/diabolos-und-zubehoer/diabolos-zubehoer/diabolo-schnur/diaboloschnur-10m-gelb.html,https://www.jugglux.ch/media/image/ac/42/95/diaboloschnur-10m-gelb-233505-20333_600x600.jpg
2021-07-07,7. Juli 2021,Carlo,5.0,Diabolo,"Super! Macht viel Spass!
Super Qualität!!!!",hyperspin-tc-bearing-diabolo-tuerkis-transparent,https://www.jugglux.ch/jonglieren-und-artistik/diabolos-und-zubehoer/diabolos-mit-kugellager/hyperspin-bearing-diabolos/hyperspin-tc-bearing-diabolo-tuerkis-transparent.html,https://www.jugglux.ch/media/image/dd/b1/e9/hyperspin-tc-bearing-diabolo-aquamarin-235548-43419_600x600.jpg
2021-07-05,5. Juli 2021,Wir5,5.0,"Tolle Holzpischtakker, lässiges Puzzle",Trotz filigraner Holzteile gut rauszutrennen gute bildliche Bau-Anleitung- begeistert Jung und Alt,ugears-mechanischer-holzbausatz-wolf-01-pistole,https://www.jugglux.ch/experimente-und-magie/mechanische-holzbausaetze/ugears-mechanische-holzmodelle/ugears-mechanischer-holzbausatz-wolf-01-pistole.html,https://www.jugglux.ch/media/image/34/10/c3/ugears-mechanischer-holzbausatz-wolf-01-pistole-232550-42829_600x600.jpg
2021-06-29,29. Juni 2021,Angela,5.0,TOP,"Ich bin sehr zufrieden. Ich nutze die beiden Handstäbe nicht, da ich nur mit der Hand drehe. Der Stick liegt sehr gut in der Hand. Gutes Gewicht und Balance. Der Grip ist gut. Ich habe mir zwei davon gekauft, dass ich mit zweien gleichzeitig drehen kann. Hierfür ist die Länge optimal. :)",bravo-stick-pro-flowerstick-pepita,https://www.jugglux.ch/jonglieren-und-artistik/flowersticks-devilsticks-buugeng/lunastix-und-flowersticks/bravo-stick-pro-flowerstick-pepita.html,https://www.jugglux.ch/media/image/17/25/5a/bravo-stick-pro-flowerstick-pepita-234783-37345_600x600.jpg
2021-06-28,28. Juni 2021,HappySoul,5.0,Angenehm,"Der Pyrostar verspricht Qualität. Weniger Husten und sauberere Kleidung nach einem Feuerspiel =D
Ich kaufe als nächstes gleich den Kanister ^^
Danke",pyro-star-fuer-fackeln-1-liter-raucharm,https://www.jugglux.ch/jonglieren-und-artistik/feuerartikel-und-zubehoer/anzuendfluessigkeit/pyro-star-fuer-fackeln-1-liter-raucharm.html,https://www.jugglux.ch/media/image/53/30/42/Pyro-Star-fuer-Fackeln-1-Liter-raucharm_600x600.jpg
2021-06-28,28. Juni 2021,Lisa König,5.0,super,als Geschenk schön verziert :-),klassisches-holz-jojo-buche-natur,https://www.jugglux.ch/outdoor-und-freizeit/yoyo-shop/yoyos-aus-holz/klassisches-holz-jojo-buche-natur.html,https://www.jugglux.ch/media/image/22/5a/03/klassisches-holz-jojo-buche-natur-238441-43492_600x600.jpg
2021-06-27,27. Juni 2021,Andrea Abbühl,5.0,Super Boomerang!,Ich habe die Boomerangs für einen Kindergeburtstag gekauft aber erst selber ausprobiert. Meine bisherigen eigenen Erfahrungen mit Boomerangs waren eher ernüchternd. Aber dieser kleine Flitzer flog doch tatsächlich eine flotte Runde in unserem Wohnzimmer! Ein bisschen ausprobieren muss ich noch - aber das kommt gut. Cool!,myfibo-boomerang-gruppenset-mit-30-stk,https://www.jugglux.ch/experimente-und-magie/bau-und-experimentierkasten/verschiedene-bausaetze/myfibo-boomerang-gruppenset-mit-30-stk.html,https://www.jugglux.ch/media/image/4e/2d/73/myfibo-boomerang-gruppenset-mit-30-stk-231948-41340_600x600.jpg
2021-06-25,25. Juni 2021,Silvia,5.0,Super! Es macht sehr grossen Spass!,,dodelido-extreme,https://www.jugglux.ch/spiele-und-geschenke/kartenspiele/kartenspiele-fuer-erwachsene/dodelido-extreme.html,https://www.jugglux.ch/media/image/d0/e6/2a/dodelido-extreme-228416-44284_600x600.jpg
2021-06-25,25. Juni 2021,Silvia,5.0,Cool,Ein sehr lässes Spiel welches sich super mit Kondern spielen lässt.,krazy-woerdz-das-witzige-erfinderische-wortspiel,https://www.jugglux.ch/spiele-und-geschenke/brettspiele/familienspiele/krazy-woerdz-das-witzige-erfinderische-wortspiel.html,https://www.jugglux.ch/media/image/2f/71/49/krazy-wordz-das-witzige-erfinderische-wortspiel-241203-38213_600x600.jpg
2021-06-25,25. Juni 2021,HappySoul,5.0,Love it !,"Liegt sehr gut in der Hand, das Gewicht ist perfekt zum schwingen, selbst die Länge erlaubt mir einiges an Kunststücke ohne mir gleich die Haare zu verbrennen ;D
Das auseinanderdrehen in 3 Teilen ist einfach und das eindrehen ist stabil und dicht!
Kleiner Bonus wäre eine Tasche dazu, doch im ganzen ist dieses Produkt allein magisch =)
Vielen Dank!",contact-staff-portable-feuerstab-gora-in-3-teilen,https://www.jugglux.ch/jonglieren-und-artistik/feuerartikel-und-zubehoer/fire-staff/contact-staff-portable-feuerstab-gora-in-3-teilen.html,https://www.jugglux.ch/media/image/93/4d/42/contact-staff-portable-feuerstab-gora-in-3-teilen-234014-30289_600x600.jpg
2021-06-23,23. Juni 2021,Tom Homfeldt,5.0,Absolut tolles Frisbee,"Ich hatte bislang nur ein Billig Frisbee aus dem Supermarkt und wollte dann mal ein Professionelles.
Und ich muss sagen man merkt direkt beim ersten Wurf, das sich der Kauf gelohnt hat.
Material und Farben sind super verarbeitet, zudem etwas flexibler als so Billigprodukte, was sich sofort an der Flugkurve widerspiegelt.
Das Frisbee bleibt viel länger in der Luft, was das spielen damit richtig besser macht.
Absolutes ""Must have"" wenn man sich ein Frisbee kaufen möchte !!",ultimate-frisbee-schwarz-logo-rot,https://www.jugglux.ch/outdoor-und-freizeit/frisbee-und-bumerang/ultimate-frisbees-175g/ultimate-frisbee-schwarz-logo-rot.html,https://www.jugglux.ch/media/image/53/48/db/ultimate-frisbee-schwarz-logo-rot-237210-38611_600x600.jpg
2021-06-22,22. Juni 2021,Karin Gogg,5.0,Spannend,Die Schüler haben sich mit viel Konzentration an das Spiel gesetzt.,perspecto-cliko-buch-und-bausteine-set,https://www.jugglux.ch/spiele-und-geschenke/knobel-und-geduldspiele/diverse-geduldspiele/perspecto-cliko-buch-und-bausteine-set.html,https://www.jugglux.ch/media/image/c4/5a/91/perspecto-cliko-buch-und-bausteine-set-220548-32353_600x600.jpg
2021-06-22,22. Juni 2021,Gogg,5.0,Super einfach,"Ein einfaches, altes Spiel, das den Schüler sofort in den Bann gezogen hat.",zahlen-schiebepuzzle,https://www.jugglux.ch/spiele-und-geschenke/knobel-und-geduldspiele/diverse-geduldspiele/zahlen-schiebepuzzle.html,https://www.jugglux.ch/media/image/0c/e9/1d/zahlen-schiebepuzzle-229703-30467_600x600.jpg
2021-06-22,22. Juni 2021,Karin GOgg,5.0,Schüler sind begeistert,Die Schüler haben sich mit viel Konzentration an das Spiel gesetzt.,architecto-buch-und-bausteine-set,https://www.jugglux.ch/spiele-und-geschenke/knobel-und-geduldspiele/diverse-geduldspiele/architecto-buch-und-bausteine-set.html,https://www.jugglux.ch/media/image/85/17/4e/architecto-buch-und-bausteine-set-220709-32352_600x600.jpg
2021-06-20,20. Juni 2021,Andrea,4.5,klein und hübsch,Hübsch aber optisch nicht so ansprechend wie die grösseren Versionen.,schwebevogel-mini-zufaellige-farbe,https://www.jugglux.ch/experimente-und-magie/physikspiele-und-co/diverse-physikalische-spiele/schwebevogel-mini-zufaellige-farbe.html,https://www.jugglux.ch/media/image/15/16/2b/schwebevogel-mini-zufallige-farbe-232647-43076_600x600.jpg
2021-06-20,20. Juni 2021,Andrea,5.0,Sehr hübscher Vogel,Aesthetisch ansprechend und von ausgezeichneter Qualität. Sehr gutes Preis-Leistungs-Verhältnis. Gut ausbalanciert.,schwebevogel-klein-zufaellige-farbe,https://www.jugglux.ch/experimente-und-magie/physikspiele-und-co/diverse-physikalische-spiele/schwebevogel-klein-zufaellige-farbe.html,https://www.jugglux.ch/media/image/27/b4/a8/schwebevogel-klein-zufallige-farbe-232646-43077_600x600.jpg
2021-06-20,20. Juni 2021,Marc,5.0,Prima!,"Spassiges Spiel mit Kids und Grossen, gut gemacht, einfache Regeln",virus-vorsicht-ansteckungsgefahr-kartenspiel,https://www.jugglux.ch/spiele-und-geschenke/kartenspiele/kartenspiele-fuer-erwachsene/virus-vorsicht-ansteckungsgefahr-kartenspiel.html,https://www.jugglux.ch/media/image/29/c8/11/virus-vorsicht-ansteckungsgefahr-kartenspiel-227080-43138_600x600.jpg
2021-06-19,19. Juni 2021,Marina,5.0,Wasserschildkröte,Schöner kleiner Glücksbringer! Toller Preis!,gluecksbringer-mini-wasser-schildkroete,https://www.jugglux.ch/spiele-und-geschenke/geschenkideen/mini-gluecksbringer/gluecksbringer-mini-wasser-schildkroete.html,https://www.jugglux.ch/media/image/af/55/3a/glucksbringer-mini-wasser-schildkrote-222030-35958_600x600.jpg
2021-06-18,18. Juni 2021,Ursula Troxler,5.0,ist genau so wie ich erwartet habe - also perfekt!,,rueckenkratzer-aus-holz,https://www.jugglux.ch/kurioses-und-kultiges/kleinigkeiten-und-verspieltes/beruehren-und-fuehlen/rueckenkratzer-aus-holz.html,https://www.jugglux.ch/media/image/16/c7/35/ruckenkratzer-aus-holz-217155-34399_600x600.jpg
2021-06-16,16. Juni 2021,Connie,5.0,vollkommen zufrieden,"Artikel wie beschrieben erhalten, sauber verpackt und sehr schnelle Lieferung
werde sicher bei Bedarf wieder hier bestellen",igelball-massageball-klein,https://www.jugglux.ch/kurioses-und-kultiges/kleinigkeiten-und-verspieltes/beruehren-und-fuehlen/igelball-massageball-klein.html,https://www.jugglux.ch/media/image/e8/f1/df/igelball-massageball-klein-218948-42730_600x600.jpg
2021-06-16,16. Juni 2021,Patrizia,5.0,Ein super Spiel in super Qualität,,moelkky-das-original-das-kultige-wikingerspiel,https://www.jugglux.ch/outdoor-und-freizeit/outdoor-und-gartenspiele/kubb-moelkky-und-cornhole/moelkky-das-original-das-kultige-wikingerspiel.html,https://www.jugglux.ch/media/image/71/34/dc/molkky-das-original-das-kultige-wikingerspiel-236019-31815_600x600.jpg
2021-06-15,15. Juni 2021,co,5.0,so ein lustiges würfelspiel,so lustig für zwischendurch oder zum überbrücken. habe es gleich 6fach erstanden zum weiterverschenken,schweine-wuerfeln-mini-spiel,https://www.jugglux.ch/spiele-und-geschenke/geschenkideen/mini-spiele-aus-holz/schweine-wuerfeln-mini-spiel.html,https://www.jugglux.ch/media/image/12/d3/b1/schweine-wurfeln-mini-spiel-220777-32597_600x600.jpg
2021-06-15,15. Juni 2021,Dave,5.0,Fliegt!,"Klein, super Krimskramsgeschenk, fliegt wie erwartet. Kinder finden es lustig.",alien-am-fallschirm-fallschirmspringer-alien,https://www.jugglux.ch/kurioses-und-kultiges/kleinigkeiten-und-verspieltes/krimskrams/alien-am-fallschirm-fallschirmspringer-alien.html,https://www.jugglux.ch/media/image/88/3d/96/alien-am-fallschirm-fallschirmspringer-alien-218531-37215_600x600.jpg
2021-06-11,11. Juni 2021,Marina,5.0,Hula-hoop,"Livraison rapide, le produit correspond entièrement au descriptif et a été livré en parfait état.",hula-hooop-yoga-groesse-m,https://www.jugglux.ch/outdoor-und-freizeit/hulahoop-reifen/travel-hula-hoops/hula-hooop-yoga-groesse-m.html,https://www.jugglux.ch/media/image/21/20/b1/hula-hooop-yoga-grosse-m-236935-45369_600x600.jpg
2021-06-09,9. Juni 2021,Bernadette,5.0,unglaublich witzig,"so witzig- das Geräusch wenn der Ball raus ploppert, die Reichweite und die weichen Bälle, die weder weh tun, noch etwas kaputt machen. Braucht auch nicht sehr viel Kraft, um den Ball rauszuploppern, Sehr witzig",affen-plopper,https://www.jugglux.ch/kurioses-und-kultiges/kleinigkeiten-und-verspieltes/krimskrams/affen-plopper.html,https://www.jugglux.ch/media/image/c7/87/c9/affen-plopper-219463-44305_600x600.jpg
2021-06-09,9. Juni 2021,Bernadette,5.0,Altbewährt,"Ein wunderschönes Spielzeug, das animiert immer wieder zu benutzen. Und das ohne Strom und Batterie. Eben altbewährt",karussell-aus-blech,https://www.jugglux.ch/kurioses-und-kultiges/nostalgie-und-klassiker/blechspielzeug/karussell-aus-blech.html,https://www.jugglux.ch/media/image/b0/f4/35/karussell-aus-blech-216667-21588_600x600.jpg
2021-06-09,9. Juni 2021,Bernadette,5.0,Simpel und unterhaltsam,"so simpel und so unterhaltsam, das gefällt mir",schuettelgesicht-nasenspiel,https://www.jugglux.ch/kurioses-und-kultiges/kleinigkeiten-und-verspieltes/krimskrams/schuettelgesicht-nasenspiel.html,https://www.jugglux.ch/media/image/bd/d6/52/schuttelgesicht-nasenspiel-216952-33074_600x600.jpg
2021-06-09,9. Juni 2021,Bernadette,5.0,Einfach genial,einfach genial,vogelstimmen-pfeifplaettchen,https://www.jugglux.ch/kurioses-und-kultiges/musikdosen-und-instrumente/geraeusch-und-tonerzeuger/vogelstimmen-pfeifplaettchen.html,https://www.jugglux.ch/media/image/3b/a1/b8/vogelstimmen-pfeifplattchen-219212-21762_600x600.jpg
2021-06-09,9. Juni 2021,tanja Freund Stössel,5.0,Sehr gute Ware,"SEHR GUTE SOLIDE WARE, GUTE qUALITÄT. SCHNELLE UNKOMPLIZIERTE LIEFERUNG",druecktier-wiese,https://www.jugglux.ch/kurioses-und-kultiges/nostalgie-und-klassiker/wackelfiguren-holz/druecktier-wiese.html,https://www.jugglux.ch/media/image/71/0d/a8/drucktier-wiese-218586-41987_600x600.jpg
2021-06-08,8. Juni 2021,Detective,5.0,Super strukturiertes Krimidinner mit Online Hilfsmittel,,culinario-mortale-expedition-in-den-tod,https://www.jugglux.ch/spiele-und-geschenke/kartenspiele/krimidinner-spiele/culinario-mortale-expedition-in-den-tod.html,https://www.jugglux.ch/media/image/f9/63/61/culinario-mortale-expedition-in-den-tod-228455-44291_600x600.jpg
2021-06-07,7. Juni 2021,Corinne Egli,0.5,Sanduhren sehr ungenau,Ich habe acht Sanduhren bestellt und musste leider alle wieder zurücksenden. Keine Sanduhr war genau auf 5 Minuten eingestellt. Viele Sanduhren wichen mehrere Minuten von den eigentlichen 5 Minuten ab. Oftmals verstopften die Sanduhren auch. Aus diesen Gründen kann ich den Kauf dieser Sanduhren nicht empfehlen.,sanduhr-5-min-aus-kunststoff,https://www.jugglux.ch/spiele-und-geschenke/spielmaterial/sanduhren/sanduhr-5-min-aus-kunststoff.html,https://www.jugglux.ch/media/image/15/b6/a3/sanduhr-5-min-aus-kunststoff-223895-39277_600x600.jpg
2021-06-07,7. Juni 2021,Gautschi Barbara,5.0,Lernbare farbtupfer würfel,Ideal für kinder zum spielerisch die farben kennenlernen,regenbogen-spielwuerfel-19mm,https://www.jugglux.ch/spiele-und-geschenke/wuerfel-fuer-spiele/wuerfel-mit-6-flaechen/regenbogen-spielwuerfel-19mm.html,https://www.jugglux.ch/media/image/c2/c0/27/regenbogen-spielwurfel-19mm-223214-45050_600x600.jpg
2021-06-07,7. Juni 2021,Sandro,4.5,Sehr zufrieden,"Guter Grip, schnelle Lieferung, Tasche und Band zum zusammenbinden der Handstäbe mit dem Lunastick.
Angenehmes Gewicht und schöne Verarbeitung. Ich halte den Stick für hervorragend für Anfänger sowie Fortgeschrittene.",bravo-lunastick-eclipse-berlin-orange,https://www.jugglux.ch/jonglieren-und-artistik/flowersticks-devilsticks-buugeng/lunastix-und-flowersticks/bravo-lunastick-eclipse-berlin-orange.html,https://www.jugglux.ch/media/image/e9/3e/de/bravo-lunastick-eclipse-berlin-orange-234929-38477_600x600.jpg
2021-06-06,6. Juni 2021,M. Lebert,4.0,Coole Springbälle für Kinderparty,Originelle und beliebte Kinderspringbälle. Riechen eine Weile stark nach Chemie. Leider...sonst top!,springball-mit-profiloberflaeche,https://www.jugglux.ch/kurioses-und-kultiges/kleinigkeiten-und-verspieltes/gumpi-baelle-und-flummis/springball-mit-profiloberflaeche.html,https://www.jugglux.ch/media/image/b5/1a/ef/springball-mit-profiloberflache-217251-35350_600x600.jpg
2021-06-04,4. Juni 2021,Markus,5.0,Das Fackelseil ist Top kann ich nur weiterempfelen,,fackelseil-10mm-fyrefli,https://www.jugglux.ch/jonglieren-und-artistik/feuerartikel-und-zubehoer/feuerdocht/fackelseil-10mm-fyrefli.html,https://www.jugglux.ch/media/image/3d/ee/32/fackelseil-10mm-fyrefli-233533-20380_600x600.jpg
2021-06-04,4. Juni 2021,Markus,5.0,Pyrostar,kann ich auch weiter empfehlen,pyro-star-fuer-fackeln-1-liter-raucharm,https://www.jugglux.ch/jonglieren-und-artistik/feuerartikel-und-zubehoer/anzuendfluessigkeit/pyro-star-fuer-fackeln-1-liter-raucharm.html,https://www.jugglux.ch/media/image/53/30/42/Pyro-Star-fuer-Fackeln-1-Liter-raucharm_600x600.jpg
2021-06-04,4. Juni 2021,Sandra Livia,5.0,schwer - Anleitung fehlt,Wäre toll - Aber ich krieg das Ding wahrscheinlich nie wieder zusammen. Es sollte eine Anleitung zum späteren lunsen dabei sein.,bamboo-puzzle-cube-geduldspiel-aus-bambusholz,https://www.jugglux.ch/spiele-und-geschenke/knobel-und-geduldspiele/geduldspiele-aus-holz/bamboo-puzzle-cube-geduldspiel-aus-bambusholz.html,https://www.jugglux.ch/media/image/74/d5/0b/bamboo-puzzle-cube-geduldspiel-aus-bambusholz-222980-37763_600x600.jpg
2021-06-04,4. Juni 2021,Sandra Livia,3.0,OK für Unterwegs,"Ist ganz OK für unterwegs, wird aber eher schnell langweilig.",schluesselanhaenger-push-pop-bubble,https://www.jugglux.ch/spiele-und-geschenke/haushalt-und-gadgets/schluesselanhaenger/schluesselanhaenger-push-pop-bubble.html,https://www.jugglux.ch/media/image/8a/f3/fd/schlusselanhanger-push-pop-bubble-239816-45557_600x600.jpg
2021-06-04,4. Juni 2021,Sandra Livia,3.0,OK,"Für Unterwegs in der Handtasche ok. Aber sehr hart und die Ränder fransen aus, fallen dann ab - Schlechte Verarbeitung",stress-ball-smile-happy-face-5cm,https://www.jugglux.ch/kurioses-und-kultiges/kleinigkeiten-und-verspieltes/gag-baelle-und-spezial-baelle/stress-ball-smile-happy-face-5cm.html,https://www.jugglux.ch/media/image/9f/6a/7d/stress-ball-smile-happy-face-5cm-217970-38302_600x600.jpg
2021-06-03,3. Juni 2021,Bindschädler,5.0,Zum Freude haben,Das blau der Murmeln ist etwas dunkler als auf der Abbildung. Aber es macht Freude die Murmeln anzuschauen. Sie laden zum träumen ein.,glasmurmel-14-17mm-flutwelle,https://www.jugglux.ch/kurioses-und-kultiges/murmeln-und-zubehoer/glasmurmeln-klein/glasmurmel-14-17mm-flutwelle.html,https://www.jugglux.ch/media/image/b3/e2/07/glasmurmel-14-17mm-flutwelle-217067-33858_600x600.jpg
2021-06-01,1. Juni 2021,,5.0,Toller Effekt,"Funktioniert gut, toller effekt
Achtung: nur ein A4 Papier pro Bestelleinheit. Daher recht teuer.",premium-pyropapier-1-blatt-20-x-50cm,https://www.jugglux.ch/experimente-und-magie/zauberartikel-shop/zaubertricks-mit-feuer/premium-pyropapier-1-blatt-20-x-50cm.html,https://www.jugglux.ch/media/image/df/34/a9/premium-pyropapier-ca-a4-grosse-232640-39128_600x600.jpg
2021-06-01,1. Juni 2021,,4.0,gut & preiswert,Gut & Günstig,tischklingel-rezeption-desktop-bell,https://www.jugglux.ch/kurioses-und-kultiges/musikdosen-und-instrumente/geraeusch-und-tonerzeuger/tischklingel-rezeption-desktop-bell.html,https://www.jugglux.ch/media/image/fc/85/b2/tischklingel-rezeption-desktop-bell-218170-39800_600x600.jpg
2021-04-30,30. April 2021,valeria,3.0,Damaged,"The item I received was damaged, not new at all.",gyroscope-original,https://www.jugglux.ch/experimente-und-magie/physikspiele-und-co/kreisel-und-gyroscope/gyroscope-original.html,https://www.jugglux.ch/media/image/4a/0e/8d/gyroscope-original-231672-41051_600x600.jpg
2021-04-28,28. April 2021,Alessia,5.0,Gute Qualität und superschnelle Lieferung,,gymnastik-reifen-holz-80cm,https://www.jugglux.ch/outdoor-und-freizeit/hulahoop-reifen/hula-hoops-aus-holz/gymnastik-reifen-holz-80cm.html,https://www.jugglux.ch/media/image/38/0c/02/gymnastik-reifen-holz-80cm-235736-21312_600x600.jpg
2021-04-27,27. April 2021,Sandy,5.0,Schnell und unkompliziert,Das packet wsr schnell bei uns. Der slymi ist super.,slimy-mini-der-original-schleim-schlabber,https://www.jugglux.ch/kurioses-und-kultiges/kleinigkeiten-und-verspieltes/flutschie-schleimi-und-klebriges/slimy-mini-der-original-schleim-schlabber.html,https://www.jugglux.ch/media/image/45/81/9c/slimy-mini-der-original-schleim-schlabber-217789-36307_600x600.jpg
2021-04-26,26. April 2021,,5.0,Glasmurmel 42mm - Prinzessin,In Natura noch viel schöner!,glasmurmel-42mm-prinzessin,https://www.jugglux.ch/kurioses-und-kultiges/murmeln-und-zubehoer/glasmurmeln-riesig/glasmurmel-42mm-prinzessin.html,https://www.jugglux.ch/media/image/11/b0/b1/glasmurmel-42mm-prinzessin-219359-43745_600x600.jpg
2021-04-26,26. April 2021,Susa,4.0,Pen spinning stick,"Liegt gut in der Hand, handlich, Antirutsch Beschichtung gut, mein Sohn 13 ist sehr zufrieden",pen-spinning-stick-aludesign-silber,https://www.jugglux.ch/outdoor-und-freizeit/skill-toys/pen-spinning/pen-spinning-stick-aludesign-silber.html,https://www.jugglux.ch/media/image/09/5b/82/pen-spinning-stick-aludesign-silber-237472-39999_600x600.jpg
2021-04-26,26. April 2021,,5.0,Alles tip-top,Danke für die schnelle Lieferung. Das Tuch ist Einwandfrei und wird rege gebraucht.,vertikaltuch-das-tuch-zum-turnen-8m-rosa,https://www.jugglux.ch/jonglieren-und-artistik/artistik-medien-und-zirkusartikel/vertikaltuecher/vertikaltuch-das-tuch-zum-turnen-8m-rosa.html,https://www.jugglux.ch/media/image/f4/83/4b/vertikaltuch-das-tuch-zum-turnen-8m-rosa-234344-33018_600x600.jpg
2021-04-25,25. April 2021,,5.0,Hübscher und faszinierender Zauberstab,Sehr spannend für Kinder.,2-farben-spiral-zauberstab-gross,https://www.jugglux.ch/experimente-und-magie/zauberartikel-shop/zauberzubehoer/2-farben-spiral-zauberstab-gross.html,https://www.jugglux.ch/media/image/b2/74/99/2-farben-spiral-zauberstab-gross-233083-44740_600x600.jpg
2021-04-23,23. April 2021,BURI,4.5,Hochwertig,"Polsterung muss wie üblich, individuell ausgeführt werden.",trapez-55cm-seil-laenge-2.50m,https://www.jugglux.ch/jonglieren-und-artistik/artistik-medien-und-zirkusartikel/trapez/trapez-55cm-seil-laenge-2.50m.html,https://www.jugglux.ch/media/image/13/59/cb/trapez-55cm-seil-lange-2-50m-233959-20930_600x600.jpg
2021-04-23,23. April 2021,Gaby Häusermann,5.0,Regenbogenfarben,"Tolles Windrad in schönen Regenbogenfarben.
Ein Windrad, welches man nicht überall sieht.
Und dann auch noch prompte Lieferung!",windspiel-design-windmill,https://www.jugglux.ch/outdoor-und-freizeit/windspiele/windspiele-blumen/windspiel-design-windmill.html,https://www.jugglux.ch/media/image/d3/ea/12/windspiel-design-windmill-238768-44575_600x600.jpg
2021-04-23,23. April 2021,Gaby Häusermann,5.0,wunderschönes Windrad,"Super Qualität, wunderschöne Farben, absolut schnelle Lieferung.
Kann ich nur empfehlen",windrad-design-sunbeam-windrad,https://www.jugglux.ch/outdoor-und-freizeit/windspiele/windspiele-windraeder/windrad-design-sunbeam-windrad.html,https://www.jugglux.ch/media/image/76/55/b6/windrad-design-sunbeam-237719-41628_600x600.jpg
2021-04-21,21. April 2021,Daniele Hildenbrand,5.0,Carambole Richtschablone,"besten Dank, Alles super und rasch erledigt !",carambole-richtschablone,https://www.jugglux.ch/spiele-und-geschenke/gesellschaftsspiele/carambole-brett-und-zubehoer/carambole-richtschablone.html,https://www.jugglux.ch/media/image/b6/32/b7/carambole-richtschablone-221604-34388_600x600.jpg
2021-04-20,20. April 2021,Susann,5.0,Macht süchtig,"Wie mein vorredetner schon sagte, ist ""Freitag"" ein cooles Spiel. Zu den Entpiraten zu gelangen, ist tatsächlich schwierig. Ohne eine gute Taktik ist es wirklich schwer. Aber genau solche spiele mag ich sehr. Hab auch schon 82 Punkte geholt und 1 Pirat gekillt :) Für zwischen durch ein tolles Spiel! Was man nicht nur einmal Spielt ;)",freitag-solitaerspiel,https://www.jugglux.ch/spiele-und-geschenke/brettspiele/strategiespiele/freitag-solitaerspiel.html,https://www.jugglux.ch/media/image/24/bf/53/freitag-solitarspiel-226523-41128_600x600.jpg
2021-04-20,20. April 2021,Andrea,4.5,einfach und unterhaltsam,"Der Wahre Walter ist ein altes, aber immer noch sehr tolles, unterhaltsames Spiel. Es eignet sich sehr gut für einen Spieleabend mit einer grösseren Gruppe, da alle geleichzeitig spielen können. Das Spiel ist sehr einfach, vielleicht die Punktevergabe etwas kompliziert. Aber trotzdem ist das Spiel sehr empfehlenswert und es macht immer wieder Spass.",der-wahre-walter,https://www.jugglux.ch/spiele-und-geschenke/kartenspiele/kartenspiele-fuer-erwachsene/der-wahre-walter.html,https://www.jugglux.ch/media/image/87/5c/2c/der-wahre-walter-220290-30576_600x600.jpg
2021-04-19,19. April 2021,Claudio,5.0,Tischbombenfüllmaterial,"Geeignet als Füllmaterial für due Tischbombe.
Das beiliegende Blasrohr wurde nicht benötigt mit den",wattekugeln-mit-blasrohr,https://www.jugglux.ch/spiele-und-geschenke/fest-und-party-artikel/diverse-party-artikel/wattekugeln-mit-blasrohr.html,https://www.jugglux.ch/media/image/ff/b3/5a/wattekugeln-mit-blasrohr-220073-21492_600x600.jpg
2021-04-19,19. April 2021,Claudio,5.0,Tischbombengeeignet,"Gut als Füllmaterial für die Tischbombe geeignet.
Ist gummiges Material.",gluecksbringer-mini-bienen,https://www.jugglux.ch/spiele-und-geschenke/geschenkideen/mini-gluecksbringer/gluecksbringer-mini-bienen.html,https://www.jugglux.ch/media/image/f8/38/b0/glucksbringer-mini-bienen-223592-38792_600x600.jpg
2021-04-19,19. April 2021,Claudio,5.0,Cooles Geschenk,"Hat riesen Freude bereitet. Auch die Gäste hatten Soass :-). Mit Losen, Geld in Rollen gedreht und mit Schutzfolie überzogen bestückt. Ausserdem diverses aus dem Shop...",tischbombe-leer-gross-max-200g-einfuellen,https://www.jugglux.ch/spiele-und-geschenke/geschenkideen/leere-tischbomben/tischbombe-leer-gross-max-200g-einfuellen.html,https://www.jugglux.ch/media/image/6f/3d/85/tischbombe-leer-gross-max-200g-einfullen-220050-20910_600x600.jpg
2021-04-19,19. April 2021,Paul Moser,5.0,Windsack Turbine 180 cm,"Es geht nicht um den gekauften Artike, sondern um die Geschäftsabwicklung. Die war vorbildlich!",windsack-turbine-180cm,https://www.jugglux.ch/outdoor-und-freizeit/windspiele/windspiele-windsaecke/windsack-turbine-180cm.html,https://www.jugglux.ch/media/image/1a/61/32/windsack-turbine-180cm-235960-31537_600x600.jpg
2021-04-19,19. April 2021,Susanne Gentsch,5.0,Spieluhr mit Zugschnur,"Perfekt. Schöne Melodien lange Zugschnur. Habe sie gleich eingesetzt.
Schnelle Lieferung. Kaufe sicher weitere Melodien",musikdose-mit-zugschnur-over-the-rainbow,https://www.jugglux.ch/kurioses-und-kultiges/musikdosen-und-instrumente/diverse-musikdosen/musikdose-mit-zugschnur-over-the-rainbow.html,https://www.jugglux.ch/media/image/f5/43/52/musikdose-mit-zugschnur-over-the-rainbow-217901-38656_600x600.jpg
2021-04-18,18. April 2021,CaRe,5.0,Preis/Leistung ist nichts auszusetzen. Cooles Produkt,vielseitig einsetzbar. Brauche sie als sensorisches Fördermaterial.Machen den Kindern immer wieder Spass. Quellen schön auf. Die Packung reicht für etliche Liter Wasser.,wasserperlen-sensorik-kuegelchen-multicolor,https://www.jugglux.ch/kurioses-und-kultiges/kleinigkeiten-und-verspieltes/flutschie-schleimi-und-klebriges/wasserperlen-sensorik-kuegelchen-multicolor.html,https://www.jugglux.ch/media/image/ca/51/ae/wasserperlen-sensorik-kugelchen-mutlicolor-239305-45521_600x600.jpg
2021-04-15,15. April 2021,Roland,5.0,Genial!!!,"Einfach zum Verlieben, diese metallischen Insektenwesen! Du kannst sie zum Leben erwecken. Sie bringen dich und deinen Besuch zum Schmunzeln. Und nicht zuletzt sind sie ein toller Eyecatcher in einer langweiligen Ecke.",kikkerland-cranky,https://www.jugglux.ch/kurioses-und-kultiges/aufzieh-objekte/aufzieh-objekte-aus-metall/kikkerland-cranky.html,https://www.jugglux.ch/media/image/44/75/38/kikkerland-cranky-216549-20846_600x600.jpg
2021-04-15,15. April 2021,Stefan Bauer,5.0,"griffige Bälle, langsamer als glatte",,original-ersatzbaelle-fuer-tischfussball-tournament-set-mit-3-stueck,https://www.jugglux.ch/spiele-und-geschenke/spielmaterial/zubehoer-und-buecher-ueber-spiele/original-ersatzbaelle-fuer-tischfussball-tournament-set-mit-3-stueck.html,https://www.jugglux.ch/media/image/21/e3/70/original-ersatzballe-fur-tischfussball-tournament-set-mit-44557_600x600.jpg
2021-04-14,14. April 2021,Margrit,5.0,Geschenkidee.......,"könnte grösser sein, aber ein tolles Puzzle..",der-kleine-rote-wuerfel-packpuzzle,https://www.jugglux.ch/spiele-und-geschenke/knobel-und-geduldspiele/geduldspiele-aus-holz/der-kleine-rote-wuerfel-packpuzzle.html,https://www.jugglux.ch/media/image/d5/1c/1c/der-kleine-rote-wurfel-packpuzzle-225893-42221_600x600.jpg
2021-04-13,13. April 2021,Ruth Apothéloz,5.0,10 sehr gut,Dieses Windspiel ist ein ganz besonderer Hingucker mit seiner speziellen Form und den kräftigen Farben.,windspiel-dreamcatcher,https://www.jugglux.ch/outdoor-und-freizeit/windspiele/windspiele-windraeder/windspiel-dreamcatcher.html,https://www.jugglux.ch/media/image/78/29/3b/windspiel-dreamcatcher-235931-30979_600x600.jpg
2021-04-12,12. April 2021,Monika,3.5,Fingerbeschäftigung,Die unruhigen Finger beim Warten auf das Mittagessen lassen sich damit gut beschäftigen.,tangle-texture-mit-oberflaechenstruktur,https://www.jugglux.ch/kurioses-und-kultiges/kleinigkeiten-und-verspieltes/beruehren-und-fuehlen/tangle-texture-mit-oberflaechenstruktur.html,https://www.jugglux.ch/media/image/c8/09/f5/Tangle-Texture-mit-Oberfl-chenstruktur-723459018005_600x600.jpg
2021-04-12,12. April 2021,Monika,5.0,cooler Zeitvertreib,"Für unruhige Finger! Gute Auswahl für Kinder, die am Tisch ruhig sitzen und warten sollen. Sie beschäftigen ihre Finger damit, anstatt mit dem Besteck.",jugglux-geschenk-set-mit-fidget-toys,https://www.jugglux.ch/outdoor-und-freizeit/fidget-toys/fidget-toys-diverse/jugglux-geschenk-set-mit-fidget-toys.html,https://www.jugglux.ch/media/image/13/91/45/jugglux-geschenk-set-mit-fidget-toys-239280-45444_600x600.jpg
2021-04-12,12. April 2021,Monika,5.0,Immer noch Top,"Die Kids sind beschäftigt und haben dabei Spass. Sehr gut einsetzbar als Zeitvertreib am Tisch, beim Warten auf das Mittagessen.",zahlen-schiebepuzzle,https://www.jugglux.ch/spiele-und-geschenke/knobel-und-geduldspiele/diverse-geduldspiele/zahlen-schiebepuzzle.html,https://www.jugglux.ch/media/image/0c/e9/1d/zahlen-schiebepuzzle-229703-30467_600x600.jpg
2021-04-12,12. April 2021,,5.0,"Gute handliche Lenkschlaufen, schnell geliefert, was will man mehr.",,hq-lenkschlaufen-gepolstert-rot,https://www.jugglux.ch/outdoor-und-freizeit/drachen-und-zubehoer/zubehoer-fuer-drachen/schnur-baender-und-griffe/hq-lenkschlaufen-gepolstert-rot.html,https://www.jugglux.ch/media/image/a5/4f/27/hq-lenkschlaufen-gepolstert-rot-238727-43510_600x600.jpg
2021-04-11,11. April 2021,Vogt-Lüchinger Flurina,5.0,Super!,Coole Sache! Zum Zuschauen faszinierend und als Dekoartikel ein echter Hingucker!,sanduhr-spirale-mit-fluessigkeit,https://www.jugglux.ch/spiele-und-geschenke/haushalt-und-gadgets/gadgets-fuers-buero/sanduhr-spirale-mit-fluessigkeit.html,https://www.jugglux.ch/media/image/0f/19/8f/sanduhr-spirale-mit-flussigkeit-239356-45523_600x600.jpg
2021-04-08,8. April 2021,Fabienne Amrein,5.0,Sehr zufrieden,"Sehr schönes Glockenset! Tolle Verarbeitung, schöner Klang, robust und stabil. Preis-Leistung tiptop. Empfehlenswert.",handglocken-set-mit-8-glocken,https://www.jugglux.ch/kurioses-und-kultiges/musikdosen-und-instrumente/instrumente-und-pfeifen/handglocken-set-mit-8-glocken.html,https://www.jugglux.ch/media/image/13/f6/30/handglocken-set-mit-8-glocken-219854-45023_600x600.jpg
2021-04-06,6. April 2021,,5.0,Street Racket,,street-racket-set-black-schwarz,https://www.jugglux.ch/outdoor-und-freizeit/outdoor-und-gartenspiele/street-racket/street-racket-set-black-schwarz.html,https://www.jugglux.ch/media/image/5b/03/eb/street-racket-set-black-schwarz-237736-41759_600x600.jpg
2021-04-06,6. April 2021,Dominik Holzhauser,5.0,Guter Job,"Versand, einfach, schnell und unkompliziert, Gerne wieder",stand-off-3mm,https://www.jugglux.ch/outdoor-und-freizeit/drachen-und-zubehoer/zubehoer-fuer-drachen/stand-off/stand-off-3mm.html,https://www.jugglux.ch/media/image/e6/94/60/stand-off-3mm-236261-33404_600x600.jpg
2021-04-04,4. April 2021,Richard Auer,5.0,Qualität ist eine Grundvoraussetzung,Ausgepackt und in Kürze zusammengebaut. Von der Tasche über die Leine zum Drachen erste Qualität.,prism-hypnotist-fire-zweileiner-profi-trickdrachen,https://www.jugglux.ch/outdoor-und-freizeit/drachen-und-zubehoer/sportkites-trickdrachen/prism-hypnotist-fire-zweileiner-profi-trickdrachen.html,https://www.jugglux.ch/media/image/33/ec/2b/prism-hypnotist-fire-zweileiner-profi-trickdrachen-238865-44702_600x600.jpg
2021-04-03,3. April 2021,Frank,5.0,Super Sache!,,liquid-timer-fluessige-sanduhr,https://www.jugglux.ch/spiele-und-geschenke/haushalt-und-gadgets/gadgets-fuers-buero/liquid-timer-fluessige-sanduhr.html,https://www.jugglux.ch/media/image/17/e6/dd/liquid-timer-flussige-sanduhr-223891-39276_600x600.jpg
2021-04-02,2. April 2021,Romina Lehmann,5.0,"Sehr schöne, robuste, farbenprächtige glitzer Tauberstäbe",Super schöne funkelnde Zauberstäbe. Meine Kinder lieben Sie:-),funkelnder-zauberstab-gel-glitzer,https://www.jugglux.ch/experimente-und-magie/zauberartikel-shop/zauberzubehoer/funkelnder-zauberstab-gel-glitzer.html,https://www.jugglux.ch/media/image/f0/ee/66/funkelnder-zauberstab-gel-glitzer-233156-44742_600x600.jpg
2021-04-01,1. April 2021,Valeria,5.0,Recommended,Cool. Fast delivery,cyclone-tube-pet-flaschen-tornado,https://www.jugglux.ch/experimente-und-magie/physikspiele-und-co/diverse-physikalische-spiele/cyclone-tube-pet-flaschen-tornado.html,https://www.jugglux.ch/media/image/da/2a/61/cyclone-tube-pet-flaschen-tornado-230141-30647_600x600.jpg
2021-04-01,1. April 2021,Valeria,5.0,Recommended,Nice product and fast delivery,ultraviolett-21-led-blacklight-uv-taschenlampe,https://www.jugglux.ch/experimente-und-magie/physikspiele-und-co/uv-lampen/ultraviolett-21-led-blacklight-uv-taschenlampe.html,https://www.jugglux.ch/media/image/7e/aa/7d/ultraviolett-21-led-blacklight-uv-taschenlampe-233333-45382_600x600.jpg
2020-07-31,31. Juli 2020,Doris Rentsch,5.0,Schlüsselanhänger Zauberstab mit Schliff,,schluesselanhaenger-zauberstab-mit-schliff,https://www.jugglux.ch/spiele-und-geschenke/haushalt-und-gadgets/schluesselanhaenger/schluesselanhaenger-zauberstab-mit-schliff.html,https://www.jugglux.ch/media/image/12/4f/ec/schlusselanhanger-zauberstab-mit-schliff-223869-39252_600x600.jpg
2020-07-31,31. Juli 2020,Katharina Erni,5.0,Bewertung des Only One Einrads. Die volle Zufriedenheit in allen Belangen,"Einfach Vielen Dank. Alles ist hervorragend. Als Erstes die hilfreichen Infos auf der website, dann die kompetente Beratung, ebenso die Qualität des Einrad's, sowie die prompte Lieferung (am Freitag bestellt, am Montag per Post geliefert). Jederzeit wieder!",only-one-einrad-20-zoll-fuchsia,https://www.jugglux.ch/outdoor-und-freizeit/einrad-und-zubehoer/20-zoll-einraeder-onlyone/only-one-einrad-20-zoll-fuchsia.html,https://www.jugglux.ch/media/image/92/2b/b7/only-one-einrad-20-zoll-fuchsia-238259-42920_600x600.jpg
2020-07-30,30. Juli 2020,Pat Perry,5.0,"Super Material, schnell geliefert","Kaum bestellt , schon Zuhause und ein perfektes Material!",acrylball-100mm-transparent,https://www.jugglux.ch/jonglieren-und-artistik/baelle-zum-jonglieren/contact-jonglierbaelle/contact-acrylbaelle/acrylball-100mm-transparent.html,https://www.jugglux.ch/media/image/fa/71/16/Acrylball-100mm-transparent-1_600x600.jpg
2020-07-28,28. Juli 2020,Marchand,5.0,Très bien,Super rapide et bien emballé. Très professionnel. A recommandé,zubehoer-stiga-ersatzpucks,https://www.jugglux.ch/spiele-und-geschenke/gesellschaftsspiele/stiga-tisch-hockeyspiele/zubehoer-stiga-ersatzpucks.html,https://www.jugglux.ch/media/image/9c/09/5b/zubehor-stiga-ersatzpucks-220716-32357_600x600.jpg
2020-07-28,28. Juli 2020,Marchand,5.0,Nickel,Super rapide et bien emballé. Très professionnel. A recommandé,zubehoer-stiga-ersatzteil-lenkung-rechter-fluegel,https://www.jugglux.ch/spiele-und-geschenke/gesellschaftsspiele/stiga-tisch-hockeyspiele/zubehoer-stiga-ersatzteil-lenkung-rechter-fluegel.html,https://www.jugglux.ch/media/image/10/8e/e7/Stiga-Ersatzstange-rechter-Fl-gel-35484-EAN-7313329710561_600x600.jpg
2020-07-27,27. Juli 2020,Sutz,5.0,Gumpiball Glitzer,"Sehr prompte Lieferung (Folgetag). Die Bälle sind hochwertig, Preis/Leistung stimmt",gumpiball-glitzer-3cm,https://www.jugglux.ch/kurioses-und-kultiges/kleinigkeiten-und-verspieltes/gumpi-baelle-und-flummis/gumpiball-glitzer-3cm.html,https://www.jugglux.ch/media/image/50/70/b8/gumpiball-glitzer-3cm-218533-42015_600x600.jpg
2020-07-26,26. Juli 2020,Markus G.,5.0,Sehr gutes Einrad für Anfänger,"Der Zusammenbau ist einfach, gute Qualität, passt mit dem längeren Sattelrohr auch für meine Grösse von 1m82, der Sattel ist gut geschützt gegen das unvermeidliche Fallenlassen, dank dem weissen Reifen kann überall geübt werden ohne Reifenspuren zu hinterlassen.",qu-ax-luxus-einrad-20-zoll-himmelblau,https://www.jugglux.ch/outdoor-und-freizeit/einrad-und-zubehoer/20-zoll-einraeder-qu-ax/qu-ax-luxus-einrad-20-zoll-himmelblau.html,https://www.jugglux.ch/media/image/bb/26/3d/qu-ax-luxus-einrad-20-zoll-himmelblau-237805-42032_600x600.jpg
2020-07-24,24. Juli 2020,Vanessa,5.0,Tolle Musik-Dose,"Tolle Spieldose zum selber Lieder komponieren und wiedergeben. Auf einem Klangholz eingebettet, was man auch wegschrauben könnte, falls gewünscht. Die Dose spielt über 3 Oktaven in C-Dur (bzw. A-Moll), ohne Halbtöne! Eher für einfache Melodien gedacht, mit etwas Kreativität kann man vieles darauf transferrieren. Ich empfehle, Lieder erst mit einem MIDI-Programm zu erstellen und dieses dann auf die Papierstreifen zu kopieren.
Die Lochstreifen kann man auch aneinander kleben für längere Stücke - unbedingt Zusatzstreifen dazu kaufen. Locher ist dabei.",20-ton-lochstreifen-spieluhr-fuer-eigene-melodien,https://www.jugglux.ch/kurioses-und-kultiges/musikdosen-und-instrumente/diverse-musikdosen/20-ton-lochstreifen-spieluhr-fuer-eigene-melodien.html,https://www.jugglux.ch/media/image/42/a3/5c/20-ton-lochstreifen-spieluhr-fur-eigene-melodien-219409-43971_600x600.jpg
2020-07-24,24. Juli 2020,Franz,4.5,Super Cube,"Der Cube ist sehr leicht zu drehen und auch sehr stabil.
Er fühlt sich durch den Karbon look gut an und sieht auch cool aus.
Das einzig schwierige ist, dass man die Farben am
Anfang oder bei schlechtem Licht nur schwer erkennen kann.
Man gewöhnt sich jedoch schnell daran.",speedcube-carbon-fibre-cube-3x3,https://www.jugglux.ch/spiele-und-geschenke/knobel-und-geduldspiele/speedcubes/speedcube-carbon-fibre-cube-3x3.html,https://www.jugglux.ch/media/image/a3/08/83/speedcube-carbon-fibre-cube-3x3-228368-44283_600x600.jpg
2020-07-15,15. Juli 2020,Kunz,5.0,Sehr bequem in den Händen,,diabolo-stabset-alu-henrys-orange,https://www.jugglux.ch/jonglieren-und-artistik/diabolos-und-zubehoer/diabolos-zubehoer/diabolo-handstaebe/diabolo-stabset-alu-henrys-orange.html,https://www.jugglux.ch/media/image/b1/24/d8/diabolo-stabset-alu-henrys-orange-234427-33693_600x600.jpg
2020-07-10,10. Juli 2020,Dominique,5.0,Wunderbar,"Die Kleine liebt ihren Zauberstab, genauso wunderbar wie meiner von damals... :)",zauberstab-29cm,https://www.jugglux.ch/experimente-und-magie/zauberartikel-shop/zauberzubehoer/zauberstab-29cm.html,https://www.jugglux.ch/media/image/0e/b5/8d/zauberstab-29cm-230086-21601_600x600.jpg
2020-07-09,9. Juli 2020,Mats,4.5,Leuchtstark und angenehme Haptik,"Der Ball leuchtet stark und obwohl ich bisher nur mit Beanbags jongliert habe, ist dieser angenehm zu jonglieren und besitzt eine gute Haptik.",led-jonglierball-70-mm-farbwechselnd,https://www.jugglux.ch/jonglieren-und-artistik/baelle-zum-jonglieren/led-jonglierbaelle/led-jonglierball-70-mm-farbwechselnd.html,https://www.jugglux.ch/media/image/eb/ea/97/led-jonglierball-70-mm-farbwechselnd-235068-39854_600x600.jpg
2020-07-06,6. Juli 2020,Weissbaum Gérard,5.0,Speedball,Super Spiel - unsere Jungs sind begeistert.,speedball-boingball,https://www.jugglux.ch/outdoor-und-freizeit/outdoor-und-gartenspiele/strandspiele/speedball-boingball.html,https://www.jugglux.ch/media/image/47/6f/66/speedball-boingball-238301-43106_600x600.jpg
2020-07-01,1. Juli 2020,Sandra,5.0,"Super Erweiterung, ohne das Spiel wesentlich zu verändern. Abkürzungen mit variantenreicher Spieltaktik.",,braendi-dog-plus-4-spieler,https://www.jugglux.ch/spiele-und-geschenke/brettspiele/erweiterungen/braendi-dog-plus-4-spieler.html,https://www.jugglux.ch/media/image/18/f5/77/brandi-dog-plus-4-spieler-225340-41125_600x600.jpg
2020-07-01,1. Juli 2020,Sandra,5.0,"lustiges, schnelles Ablege-Spiel, meega coool",,avocado-smash-blitzschnelles-reaktionsspiel,https://www.jugglux.ch/spiele-und-geschenke/brettspiele/gruppenspiele/avocado-smash-blitzschnelles-reaktionsspiel.html,https://www.jugglux.ch/media/image/62/a8/f1/avocado-smash-blitzschnelles-reaktionsspiel-226871-42604_600x600.jpg
2020-06-29,29. Juni 2020,mock,5.0,super!,Superschnelle Lieferung!,krimitotal-die-pracht-der-vampire,https://www.jugglux.ch/spiele-und-geschenke/kartenspiele/krimi-total/krimitotal-die-pracht-der-vampire.html,https://www.jugglux.ch/media/image/8b/c9/8f/krimitotal-die-pracht-der-vampire-222678-36767_600x600.jpg
2020-06-29,29. Juni 2020,Florian,5.0,Mein Liebster Stick,"Ich habe schon viele Sticks gesehen und die von Fantastick sind wirklich hochwertig gebaut und schön designed - ich habe kürzere Stäbe lieber, deshalb ist das mein liebster Stick.",flowerstick-kakadou-uv-glow-goastab-short,https://www.jugglux.ch/jonglieren-und-artistik/flowersticks-devilsticks-buugeng/lunastix-und-flowersticks/flowerstick-kakadou-uv-glow-goastab-short.html,https://www.jugglux.ch/media/image/1b/a6/80/flowerstick-kakadou-uv-glow-goastab-short-234524-35065_600x600.jpg
2020-06-29,29. Juni 2020,Maya,5.0,"Zauberseife, seifenblasenschnur",,zauberseife-seifenblasenschnur-multi-mit-6-kammern,https://www.jugglux.ch/kurioses-und-kultiges/seifenblasen-pustefix-und-zauberseife/zauberseife-riesen-seifenblasen/zauberseife-seifenblasenschnur-multi-mit-6-kammern.html,https://www.jugglux.ch/media/image/e6/ee/5b/zauberseife-seifenblasenschnur-multi-mit-6-kammern-217884-37467_600x600.jpg
2020-06-29,29. Juni 2020,Maya,5.0,Zauberseife,,zauberseife-1-liter-gebrauchsfertig,https://www.jugglux.ch/kurioses-und-kultiges/seifenblasen-pustefix-und-zauberseife/zauberseife-riesen-seifenblasen/zauberseife-1-liter-gebrauchsfertig.html,https://www.jugglux.ch/media/image/1d/98/13/zauberseife-1-liter-gebrauchsfertig-217863-37290_600x600.jpg
2020-06-28,28. Juni 2020,bribabe,4.5,feuereffekt,"hat einen gueten funkeneffekt, nicht so prickelnd wie titan, trotzdem ein hingucker,und günstiger.",eisen-pulver-fuer-feuereffekte-100g,https://www.jugglux.ch/jonglieren-und-artistik/feuerartikel-und-zubehoer/anzuendfluessigkeit/eisen-pulver-fuer-feuereffekte-100g.html,https://www.jugglux.ch/media/image/7b/54/e1/eisen-pulver-fur-feuereffekte-100g-235470-42968_600x600.jpg
2020-06-28,28. Juni 2020,bribabe,5.0,Schöne funken,um auch nur kurz auf der Bühne (während einer Inszenierung) einen guten effekt zu ergattern ist Titanpulver sehr geeignet. Sehr schöne sprinkelnde funken! allerdings ein gut/heiss brennendes feuer erforderlich.,titan-pulver-fuer-feuereffekte-100g,https://www.jugglux.ch/jonglieren-und-artistik/feuerartikel-und-zubehoer/anzuendfluessigkeit/titan-pulver-fuer-feuereffekte-100g.html,https://www.jugglux.ch/media/image/98/96/42/titan-pulver-fur-feuereffekte-100g-235471-42970_600x600.jpg
2020-06-28,28. Juni 2020,K. Braune,5.0,Coole Bälle,,springball-mit-profiloberflaeche,https://www.jugglux.ch/kurioses-und-kultiges/kleinigkeiten-und-verspieltes/gumpi-baelle-und-flummis/springball-mit-profiloberflaeche.html,https://www.jugglux.ch/media/image/b5/1a/ef/springball-mit-profiloberflache-217251-35350_600x600.jpg
2020-06-27,27. Juni 2020,Debi,5.0,Ballon Ball,"Sehr witziger Ballon Ball, er hüpft gut und die kleinen haben viel Freude dran, unter anderem auch ich ;-)",aufblasbarer-ballon-ball-dinosaurier,https://www.jugglux.ch/spiele-und-geschenke/ballone-und-ballonspiele/ballone-und-sets/aufblasbarer-ballon-ball-dinosaurier.html,https://www.jugglux.ch/media/image/93/5b/6c/aufblasbarer-ballon-ball-dinosaurier-223602-38826_600x600.jpg
2020-06-27,27. Juni 2020,Debi,5.0,Wunderschöne Tasse,"Hab sehr viel Freude an der Tasse! Sie ist wie beschrieben.
Wäre sicherlich ein super Geschenk an dem sicher jeder Freude dran hätte!",morph-mug-cherry-blossom,https://www.jugglux.ch/spiele-und-geschenke/haushalt-und-gadgets/lustige-tassen/morph-mug-cherry-blossom.html,https://www.jugglux.ch/media/image/c8/7a/72/morph-mug-cherry-blossom-224983-41111_600x600.jpg
2020-06-23,23. Juni 2020,Kathrin Braune,4.5,Gute Springbälle,"Gute Bälle, riechen aber am Anfang ziemlich nach Gummimund Chemie",springball-mit-profiloberflaeche,https://www.jugglux.ch/kurioses-und-kultiges/kleinigkeiten-und-verspieltes/gumpi-baelle-und-flummis/springball-mit-profiloberflaeche.html,https://www.jugglux.ch/media/image/b5/1a/ef/springball-mit-profiloberflache-217251-35350_600x600.jpg
2020-06-22,22. Juni 2020,Denise,5.0,Ein Rätsel für die Hände statt den Kopf,"Die süsse kleine Box ist perfekt, um eine Kleinigkeit darin zu verstecken. Es ist nicht wirklich ein Rätsel fürs Gehirn, sondern mehr ein Pröbeln mit den Händen, was uns super gefallen hat. Wir hatten es beide innerhalb ein paar Minuten gelöst.",trickkiste-iq-test-bambus-safe-2,https://www.jugglux.ch/spiele-und-geschenke/knobel-und-geduldspiele/geduldspiele-aus-holz/trickkiste-iq-test-bambus-safe-2.html,https://www.jugglux.ch/media/image/47/4e/7e/iq-test-bambus-safe-2-228092-43968_600x600.jpg
2020-06-22,22. Juni 2020,Kieran,5.0,Super Kundendienst,Schönes Produkt. Bin sehr schnell gekommen. Kann einfach kleiner machen für Reisen. Kundendienst war schnell und freundlich.,hula-hooop-tetris-groesse-m,https://www.jugglux.ch/outdoor-und-freizeit/hulahoop-reifen/travel-hula-hoops/hula-hooop-tetris-groesse-m.html,https://www.jugglux.ch/media/image/8f/25/6c/hula-hooop-tetris-grosse-m-238236-32920_600x600.jpg
2020-06-20,20. Juni 2020,Markus Schmidt,5.0,Dog-Karten,Gute Qualität! So wie wir es vorgestellt haben!,einzelnes-kartenspiel-dog-premiumqualitaet,https://www.jugglux.ch/spiele-und-geschenke/spielmaterial/zubehoer-und-buecher-ueber-spiele/einzelnes-kartenspiel-dog-premiumqualitaet.html,https://www.jugglux.ch/media/image/ac/80/ab/einzelnes-kartenspiel-dog-premiumqualitat-220416-31288_600x600.jpg
2020-06-20,20. Juni 2020,Markus Schmidt,5.0,Murmel 14-17mm,"Sehr schöne Murmel, schnelle Lieferung!",glasmurmel-14-17mm-brontosaurus,https://www.jugglux.ch/kurioses-und-kultiges/murmeln-und-zubehoer/glasmurmeln-klein/glasmurmel-14-17mm-brontosaurus.html,https://www.jugglux.ch/media/image/92/4d/4c/glasmurmel-14mm-brontosaurus-219317-43793_600x600.jpg
2020-06-20,20. Juni 2020,Markus Schmidt,5.0,Murmel 14-17mm,Sehr schöne Murmel Top Qualität!,glasmurmel-14-17mm-t-rex,https://www.jugglux.ch/kurioses-und-kultiges/murmeln-und-zubehoer/glasmurmeln-klein/glasmurmel-14-17mm-t-rex.html,https://www.jugglux.ch/media/image/30/a2/77/glasmurmel-14-17mm-t-rex-218001-38388_600x600.jpg
2020-06-20,20. Juni 2020,Markus Schmidt,5.0,Murmel 42mm,"Wieder schnelle Lieferung und die Qualität stimmt immer noch! Brauchen sie für unsere Aussenkugelbahn, wo sich viele Kinder und Erwachsenen daran erfeuen!!!",glasmurmel-42mm-zufaellige-auslieferung,https://www.jugglux.ch/kurioses-und-kultiges/murmeln-und-zubehoer/glasmurmeln-riesig/glasmurmel-42mm-zufaellige-auslieferung.html,https://www.jugglux.ch/media/image/5b/20/f3/glasmurmel-42mm-zufallige-auslieferung-217082-33954_600x600.jpg
2020-06-19,19. Juni 2020,Cindy Marfurt,5.0,Geschenk,Die Kugeln schenke ich zum Geburtstag. Das Holz gibt dem Spiel eine spezielle Note. Der Artikel gefällt mir sehr gut.,kugelspiel-newton-pendel-auf-holzsockel,https://www.jugglux.ch/experimente-und-magie/physikspiele-und-co/diverse-physikalische-spiele/kugelspiel-newton-pendel-auf-holzsockel.html,https://www.jugglux.ch/media/image/02/c1/55/kugelspiel-newton-pendel-auf-bambussockel-231203-39246_600x600.jpg
2020-06-18,18. Juni 2020,Shadi,5.0,"Unterhaltsames Spiel, um sich besser kennenzulernen","Das Spiel regt zum Nachdenken an über sich selber und über seine Mitspieler. Unterhaltsame Diskussionen sind vorprogrammiert. Super Spiel, um sich gegenseitig besser kennenzulernen!",who-is-lu-wer-der-mitspielenden-ist-lu,https://www.jugglux.ch/spiele-und-geschenke/brettspiele/gruppenspiele/who-is-lu-wer-der-mitspielenden-ist-lu.html,https://www.jugglux.ch/media/image/5c/94/9f/Who-is-Lu-Spiel-798190121604_600x600.jpg
2020-06-15,15. Juni 2020,Heike Märki,5.0,Erfüllt die Erwartungen,"Die Kinder können den Würfel werfen ohne Gefahr,das etwas kaputt geht oder sie sich verletzen. Tolles Spielzeug für Drinnen und Draussen.",farbenwuerfel-schaumstoff-16cm-6-farben,https://www.jugglux.ch/spiele-und-geschenke/wuerfel-fuer-spiele/schaumstoff-wuerfel/farbenwuerfel-schaumstoff-16cm-6-farben.html,https://www.jugglux.ch/media/image/70/56/4e/farbenwurfel-schaumstoff-16cm-6-farben-225216-41373_600x600.jpg
2020-06-12,12. Juni 2020,Lucien Lottenbach,5.0,Fliegt ;-),Der Frisbee kam unversehrt an und weist eine gute Qualität auf.,ultimate-frisbee-weiss-star-blau,https://www.jugglux.ch/outdoor-und-freizeit/frisbee-und-bumerang/ultimate-frisbees-175g/ultimate-frisbee-weiss-star-blau.html,https://www.jugglux.ch/media/image/cc/83/b9/ultimate-frisbee-weiss-star-blau-236526-36028_600x600.jpg
2020-06-10,10. Juni 2020,Dora Flück,5.0,gutes Angebot und schnelle Lieferung,,augenwuerfel-mit-punkten-die-leuchten-box-mit-12-wuerfeln-gelb,https://www.jugglux.ch/spiele-und-geschenke/wuerfel-fuer-spiele/leuchtende-wuerfel/augenwuerfel-mit-punkten-die-leuchten-box-mit-12-wuerfeln-gelb.html,https://www.jugglux.ch/media/image/05/97/b9/augenwurfel-mit-punkten-die-leuchten-box-mit-12-wurfeln-gelb-38029_600x600.jpg
2020-06-10,10. Juni 2020,Monia,5.0,Sher schöne farben,Super schnelle Lieferung sehr tolle Stifte,schminkstifte-set-mit-12-farben,https://www.jugglux.ch/schminke-und-buehne/schminke-und-makeup/schmink-sets-und-paletten/schminkstifte-set-mit-12-farben.html,https://www.jugglux.ch/media/image/c9/1c/44/schminkstifte-set-mit-12-farben-216255-41195_600x600.jpg
2020-06-09,9. Juni 2020,Isabelle,5.0,Wie gewünscht,Der Lunastick ist genau wie erhofft und endlich mal einer in einer dezenten dunklen Farbe.,bravo-lunastick-elements-carbon,https://www.jugglux.ch/jonglieren-und-artistik/flowersticks-devilsticks-buugeng/lunastix-und-flowersticks/bravo-lunastick-elements-carbon.html,https://www.jugglux.ch/media/image/f8/8a/25/37592_600x600.jpg
2020-06-07,7. Juni 2020,Susanna,4.5,Speedcube,Danke für die schnelle Lieferung!,magnetischer-speedcube-3x3-shengshou-mr.m,https://www.jugglux.ch/spiele-und-geschenke/knobel-und-geduldspiele/speedcubes/magnetischer-speedcube-3x3-shengshou-mr.m.html,https://www.jugglux.ch/media/image/20/2a/33/magnetischer-speedcube-3x3-shengshou-mr-m-225789-42206_600x600.jpg
2020-06-04,4. Juni 2020,Gerhard Schmidt,5.0,Gefällt sehr gut,Ein kreatives Werk,city-of-dreams-bastelset-stadt-aus-karton,https://www.jugglux.ch/experimente-und-magie/bastelbogen-und-modellbogen/modellbogen/city-of-dreams-bastelset-stadt-aus-karton.html,https://www.jugglux.ch/media/image/ba/cb/fa/city-of-dreams-bastelset-stadt-aus-karton-230934-37951_600x600.jpg
2020-06-04,4. Juni 2020,Schneiderel,5.0,top!,"Lustiges Motiv für Tierfreundin/Geschenk. Auch für 10jährige geeignet, weil etwas kleiner.",wildlife-jugglings-balls-set-mit-3stk,https://www.jugglux.ch/jonglieren-und-artistik/baelle-zum-jonglieren/jonglierball-set/wildlife-jugglings-balls-set-mit-3stk.html,https://www.jugglux.ch/media/image/98/eb/fc/wildlife-jugglings-balls-set-mit-3stk-235160-39971_600x600.jpg
2020-06-02,2. Juni 2020,Yoko,5.0,Trainings-Pois weiss,"Nur zu empfehlen! Rasant geliefert. Das Spiel läuft in Lateinamerika unter dem Namen ""Cariocas"". Die Bälle sind perfekt auch für Anfänger, bequeme Handschlaufen. Spiel gut zum Entspannen, macht süchtig. Die nächste Stufe werden die Leucht-Pois sein!",comet-poi-weiss-das-trainingspoi-schlechthin,https://www.jugglux.ch/jonglieren-und-artistik/poi-leuchtpoi-levistick-und-zubehoer/socken-poi-und-comet-poi/comet-poi-weiss-das-trainingspoi-schlechthin.html,https://www.jugglux.ch/media/image/fc/cb/6d/comet-poi-weiss-das-trainingspoi-schlechthin-234078-30778_600x600.jpg
2020-06-02,2. Juni 2020,Graf Nadia,5.0,Karten,"Sehr kreative und persönliche Karten zum verschenken!
Schade, dass ich die Karte mit Geburtstagskuchen (Zutaten - Kuchen fertig) nirgends mehr erhalte!",lebende-karte-marienkaefer,https://www.jugglux.ch/spiele-und-geschenke/schreiben-malen-zeichnen/lebende-karten/lebende-karte-marienkaefer.html,https://www.jugglux.ch/media/image/e2/3b/5b/lebende-karte-marienkafer-224860-35307_600x600.jpg
2020-06-01,1. Juni 2020,Vivi,5.0,Toller Hula Hooop!!,"Ich bin sowohl von den Farben, die Form und das Gewicht absolut begeistert! Ich finde es ein tolles Produkt und ich wurde top vom Jugglux-Team beraten! Ich bin schon fliessig am hulahooplen:-)",hula-hooop-blue-mermaid-groesse-m,https://www.jugglux.ch/outdoor-und-freizeit/hulahoop-reifen/travel-hula-hoops/hula-hooop-blue-mermaid-groesse-m.html,https://www.jugglux.ch/media/image/a4/a3/43/hula-hooop-blue-mermaid-grosse-m-236932-41843_600x600.jpg
2020-04-30,30. April 2020,monika,5.0,Perfekt,,glanzbilder-tiere,https://www.jugglux.ch/kurioses-und-kultiges/nostalgie-und-klassiker/nostalgische-spielereien/glanzbilder-tiere.html,https://www.jugglux.ch/media/image/35/52/17/glanzbilder-tiere-217276-35498_600x600.jpg
2020-04-29,29. April 2020,Elisabeth,5.0,Paradise Flower Rainbow,"Sehr schöne Farben, einfache Montage und super Lieferservice.",paradise-flower-rainbow,https://www.jugglux.ch/outdoor-und-freizeit/windspiele/windspiele-blumen/paradise-flower-rainbow.html,https://www.jugglux.ch/media/image/e7/d6/18/paradise-flower-rainbow-235757-21632_600x600.jpg
2020-04-29,29. April 2020,Agnes Spirig,5.0,Zauberstab,Prompt und schnellp,zauberstab-29cm,https://www.jugglux.ch/experimente-und-magie/zauberartikel-shop/zauberzubehoer/zauberstab-29cm.html,https://www.jugglux.ch/media/image/0e/b5/8d/zauberstab-29cm-230086-21601_600x600.jpg
2020-04-28,28. April 2020,Lachat Emmanuel,5.0,MoYu Weilong GTS 3 M,"Webseite gut via Google suchbar, einfache Navigation auf Webseite, klare Information über dem Produkt und Lieferkonditionen, erhaltenes Produkt in Ordnung",moyu-weilong-gts-3-m-stark-magnetischer-speedcube-3x3,https://www.jugglux.ch/spiele-und-geschenke/knobel-und-geduldspiele/speedcubes/moyu-weilong-gts-3-m-stark-magnetischer-speedcube-3x3.html,https://www.jugglux.ch/media/image/d3/0f/a0/moyu-weilong-gts-3-m-stark-magnetischer-speedcube-3x3-227-43151_600x600.jpg
2020-04-28,28. April 2020,tfMjL,5.0,"Top, war am nächsten Tag trotz Corona Kriese geliefert!",,crossboule-set-beach-lila,https://www.jugglux.ch/outdoor-und-freizeit/outdoor-und-gartenspiele/crossboccia-und-crossboule/crossboule-set-beach-lila.html,https://www.jugglux.ch/media/image/dc/4a/a0/crossboule-set-beach-lila-236072-32287_600x600.jpg
2020-04-27,27. April 2020,Regula,5.0,Cooler Würfel,"Obwohl es sehr viele Felder hat, ist trotzdem klar, welche Zahl zuoberst ist.",spielwuerfel-mit-60-flaechen-opaque,https://www.jugglux.ch/spiele-und-geschenke/wuerfel-fuer-spiele/wuerfel-mit-60-flaechen/spielwuerfel-mit-60-flaechen-opaque.html,https://www.jugglux.ch/media/image/a9/a2/00/spielwurfel-mit-60-flachen-opaque-223246-38072_600x600.jpg
2020-04-26,26. April 2020,Stefan Bürki,5.0,"Sattel passt, sehr gut zu greifen. Ales Bestens.",,einradsattel-luxus-schwarz,https://www.jugglux.ch/outdoor-und-freizeit/einrad-und-zubehoer/einrad-sattel/einradsattel-luxus-schwarz.html,https://www.jugglux.ch/media/image/01/d5/3d/einradsattel-luxus-schwarz-235897-30652_600x600.jpg
2020-04-26,26. April 2020,Karin Allenspach,4.5,Gutes Preis/Leistungverhältnis,Schnur geht an der Stelle wo sie aus dem Stab kommt schnell kaputt,diabolostaebe-stabset-alu-henrys,https://www.jugglux.ch/jonglieren-und-artistik/diabolos-und-zubehoer/diabolos-zubehoer/diabolo-handstaebe/diabolostaebe-stabset-alu-henrys.html,https://www.jugglux.ch/media/image/6d/d5/b5/Diabolost-be-Stabset-Alu-Henrys_600x600.jpg
2020-04-26,26. April 2020,Karin Allenspach,4.5,Gutes Preis/Leistungverhältnis,Gutes Preis/Leistungsverhältnis,diabolo-harlekin-mittel-gruen-schwarz,https://www.jugglux.ch/jonglieren-und-artistik/diabolos-und-zubehoer/diabolos-fuer-kinder/diabolo-harlekin-mittel/diabolo-harlekin-mittel-gruen-schwarz.html,https://www.jugglux.ch/media/image/63/97/1f/diabolo-harlekin-mittel-grun-schwarz-234971-38804_600x600.jpg
2020-04-26,26. April 2020,Erich Thuering,5.0,Wir sind so happy,,magic-wheel-giant-duett-windrad,https://www.jugglux.ch/outdoor-und-freizeit/windspiele/windspiele-windraeder/magic-wheel-giant-duett-windrad.html,https://www.jugglux.ch/media/image/f8/54/1f/magic-wheel-giant-duett-235724-20991_600x600.jpg
2020-04-25,25. April 2020,Priska,5.0,Genau was ich gesucht habe,"Bin vollumfänglich zufrieden, wie immer bei euch, liebes Jugglux-Team!",contact-poi-pro-rot,https://www.jugglux.ch/jonglieren-und-artistik/poi-leuchtpoi-levistick-und-zubehoer/contact-poi-und-flags/contact-poi-pro-rot.html,https://www.jugglux.ch/media/image/32/d5/b2/Contact-Poi-Pro-rot_600x600.jpg
2020-04-25,25. April 2020,Melanie Ketterer,5.0,"Schönes Einrad, schnell zusammen gebaut","Ein sehr schönes Einrad, stabil und gute Qualität. Das Einrad war schnell zusammen gebaut. Schnelle Lieferung. Nach der Bestellung erfolgte die Lieferung am folgenden Tag.",only-one-einrad-20-zoll-weiss,https://www.jugglux.ch/outdoor-und-freizeit/einrad-und-zubehoer/20-zoll-einraeder-onlyone/only-one-einrad-20-zoll-weiss.html,https://www.jugglux.ch/media/image/c9/fd/39/only-one-einrad-20-zoll-weiss-236208-33057_600x600.jpg
2020-04-24,24. April 2020,Kuck,5.0,Top,Top Service! Danke,primary-beanbag-130g-gelb-mit-schwarz,https://www.jugglux.ch/jonglieren-und-artistik/baelle-zum-jonglieren/jonglierbaelle-zum-trainieren/jonglierball-beanbag-130g/primary-beanbag-130g-gelb-mit-schwarz.html,https://www.jugglux.ch/media/image/ce/15/c4/primary-beanbag-130g-gelb-mit-schwarz-234068-30617_600x600.jpg
2020-04-22,22. April 2020,Lo,5.0,Glitzerrrr,"Ich brauche ihn zwar nicht zum Jonglieren, jedoch ist er für den verwendeten Zweck perfekt. Die Farbe leuchtet echt schön, wer Glitzer mag: Ein Muss!!",stageball-80mm-glitter-silber,https://www.jugglux.ch/jonglieren-und-artistik/baelle-zum-jonglieren/jonglierbaelle-aus-kunststoff/stagebaelle-80mm/stageball-80mm-glitter-silber.html,https://www.jugglux.ch/media/image/6d/89/00/stageball-80mm-glitter-silber-234457-34405_600x600.jpg
2020-04-22,22. April 2020,Brigitta Salvisberg,5.0,"Wir spielen es schon Jahre und nun schenke ich es meinen Enkeln, die ebenso begeistert davon sind.",,othello-reversi-classic-gross,https://www.jugglux.ch/spiele-und-geschenke/brettspiele/spiele-fuer-2/othello-reversi-classic-gross.html,https://www.jugglux.ch/media/image/19/18/17/41484_600x600.jpg
2020-04-22,22. April 2020,Eva Teicher,5.0,Schnelle Bearbeitung,"Leider funktionierte die Karte Sternschnuppe nicht, schon beim ersten Versuch konnte sie nicht mehr zurückgeschoben werden. Habe per Mail angefragt, ob ich einen Ersatz bekomme und den dann auch umgehend erhalten.",lebende-karte-sternschnuppe,https://www.jugglux.ch/spiele-und-geschenke/schreiben-malen-zeichnen/lebende-karten/lebende-karte-sternschnuppe.html,https://www.jugglux.ch/media/image/e9/4d/db/lebende-karte-sternschnuppe-220634-32178_600x600.gif
2020-04-22,22. April 2020,Tanja,5.0,"Schöne Farbe, gute Grösse, superschnelle Lieferung.",,jonglierball-beanbag-110g-schwarz-uni,https://www.jugglux.ch/jonglieren-und-artistik/baelle-zum-jonglieren/jonglierbaelle-zum-trainieren/jonglierball-beanbag-110g/jonglierball-beanbag-110g-schwarz-uni.html,https://www.jugglux.ch/media/image/74/8f/b8/jonglierball-beanbag-110g-schwarz-uni-233619-20486_600x600.jpg
2020-04-22,22. April 2020,Tanja,5.0,"Schöne Farbe, gute Grösse, superschnelle Lieferung.",,jonglierball-beanbag-110g-pink-mit-schwarz,https://www.jugglux.ch/jonglieren-und-artistik/baelle-zum-jonglieren/jonglierbaelle-zum-trainieren/jonglierball-beanbag-110g/jonglierball-beanbag-110g-pink-mit-schwarz.html,https://www.jugglux.ch/media/image/74/20/39/jonglierball-beanbag-110g-pink-mit-schwarz-233615-20482_600x600.jpg
2020-04-22,22. April 2020,Tanja,5.0,"Schöne Farbe, gute Grösse, superschnelle Lieferung.",,jonglierball-beanbag-110g-gelb-mit-schwarz,https://www.jugglux.ch/jonglieren-und-artistik/baelle-zum-jonglieren/jonglierbaelle-zum-trainieren/jonglierball-beanbag-110g/jonglierball-beanbag-110g-gelb-mit-schwarz.html,https://www.jugglux.ch/media/image/0e/86/e0/jonglierball-beanbag-110g-gelb-mit-schwarz-233609-20476_600x600.jpg
2020-04-22,22. April 2020,Tanja,5.0,"Schöne Farbe, gute Grösse, superschnelle Lieferung.",,jonglierball-beanbag-110g-pink-uni,https://www.jugglux.ch/jonglieren-und-artistik/baelle-zum-jonglieren/jonglierbaelle-zum-trainieren/jonglierball-beanbag-110g/jonglierball-beanbag-110g-pink-uni.html,https://www.jugglux.ch/media/image/c3/66/80/jonglierball-beanbag-110g-pink-uni-233616-20483_600x600.jpg
2020-04-21,21. April 2020,Ruth Fornerod,5.0,Bestellung Magic Wheel Giant Duett,,magic-wheel-giant-duett-windrad,https://www.jugglux.ch/outdoor-und-freizeit/windspiele/windspiele-windraeder/magic-wheel-giant-duett-windrad.html,https://www.jugglux.ch/media/image/f8/54/1f/magic-wheel-giant-duett-235724-20991_600x600.jpg
2020-04-20,20. April 2020,Jürgen Keller,4.5,"Gutes Flugverhalten, Frisbee spielen macht eben immer noch Spass",,ultimate-frisbee-weiss-star-gruen,https://www.jugglux.ch/outdoor-und-freizeit/frisbee-und-bumerang/ultimate-frisbees-175g/ultimate-frisbee-weiss-star-gruen.html,https://www.jugglux.ch/media/image/bf/a3/9e/ultimate-frisbee-weiss-star-grun-238199-36029_600x600.jpg
2020-04-20,20. April 2020,Jürgen Keller,4.5,Grösse und Gewicht passen mir gut,,jonglierbaelle-set-inkl-tasche,https://www.jugglux.ch/jonglieren-und-artistik/baelle-zum-jonglieren/jonglierball-set/jonglierbaelle-set-inkl-tasche.html,https://www.jugglux.ch/media/image/ee/d5/cc/jonglierballe-set-inkl-tasche-235075-39969_600x600.jpg
2020-04-20,20. April 2020,Ferrari,5.0,Sehr Handlicher Stick! Super Preis/Leistungsverhältnis!,Ich liebe diesen Lunastick! Der Stick ist sehr 'griffig' und dünn. Auch für kleinere Frauenhände spielt es sich sehr gut. Die Zotteli sind auch sehr schön verarbeitet und haben ein perfektes Gewicht für meinen Geschmack. Würde diesen Lunastick immer wieder kaufen. Daumen Hoch!,bravo-lunastick-eclipse-new-york-weiss,https://www.jugglux.ch/jonglieren-und-artistik/flowersticks-devilsticks-buugeng/lunastix-und-flowersticks/bravo-lunastick-eclipse-new-york-weiss.html,https://www.jugglux.ch/media/image/3d/37/0e/bravo-lunastick-eclipse-new-york-weiss-235594-43578_600x600.jpg
2020-04-20,20. April 2020,Ferrari,5.0,Leuchtender Lunastick,"Ich bin begeistert über das design des Sticks. Die Stäbe sind Fluriszierend und leuchten somit in der Nacht, was den Spielspass definitiv erhöht! Der Stick ist sehr schön Verarbeitet und ich bin mit der Qualität sehr zufrieden.",bravo-lunastick-eclipse-berlin-weiss-fluo,https://www.jugglux.ch/jonglieren-und-artistik/flowersticks-devilsticks-buugeng/lunastix-und-flowersticks/bravo-lunastick-eclipse-berlin-weiss-fluo.html,https://www.jugglux.ch/media/image/87/70/98/bravo-lunastick-eclipse-berlin-weiss-fluo-235488-43129_600x600.jpg
2020-04-20,20. April 2020,Ferrari,3.5,herziger Anfängerstick,"Der Stick ist klein und handlich. Somit perfekt für Beginner. Das Muster auf dem Stick ist sehr schön und auch die dazupassenden Stäbe sind chic. Allerdings sieht mann, das die Verarbeitung eher 'billig' gemacht ist. Für den Preis allerdings sehr ok! Würde Ihn wieder kaufen.",bravo-stick-pro-flowerstick-mosaic,https://www.jugglux.ch/jonglieren-und-artistik/flowersticks-devilsticks-buugeng/lunastix-und-flowersticks/bravo-stick-pro-flowerstick-mosaic.html,https://www.jugglux.ch/media/image/7e/04/5b/bravo-stick-pro-flowerstick-mosaic-234792-37378_600x600.jpg
2020-04-19,19. April 2020,Ruth Fornerod,5.0,Bewertung Bestellung Magic Wheel Duett,,magic-wheel-duett-windrad,https://www.jugglux.ch/outdoor-und-freizeit/windspiele/windspiele-windraeder/magic-wheel-duett-windrad.html,https://www.jugglux.ch/media/image/5c/e3/70/magic-wheel-duett-235930-30978_600x600.jpg
2020-04-18,18. April 2020,Martina Fischer,5.0,Alu Diabolostäbe,Leicht und gutes händling. Es macht richtig Spass mit dem Diabolo,diabolostaebe-stabset-alu-henrys,https://www.jugglux.ch/jonglieren-und-artistik/diabolos-und-zubehoer/diabolos-zubehoer/diabolo-handstaebe/diabolostaebe-stabset-alu-henrys.html,https://www.jugglux.ch/media/image/6d/d5/b5/Diabolost-be-Stabset-Alu-Henrys_600x600.jpg
2020-04-14,14. April 2020,Rachid,5.0,Schönes Puzzle - Gut verarbeitet,Ich kann dieses Puzzle nur empfehlen. Es ist sehr gut verarbeitet und verlangt einem ein wenig Zeit der Lösungsfindung ab.,cast-level-4-cake,https://www.jugglux.ch/spiele-und-geschenke/knobel-und-geduldspiele/cast-knobelspiele-metall/cast-level-4-cake.html,https://www.jugglux.ch/media/image/84/ca/6a/cast-level-4-cake-223800-39158_600x600.jpg
2020-04-14,14. April 2020,Rachid,5.0,Super schwer - Gutes Puzzle,"An diesem Puzzle bin ich fast verzweifelt und es war das erste Puzzle, bei dem ich nach Lösungen im Internet gesucht hatte. Nach vielen Tagen und vielen Stunden der Versuche, versteht sich. Ich wollte dieses Puzzle jedoch nicht komplett mit fremder Hilfe lösen und daher habe ich nur eine Idee für den ersten, jedoch wichtigen Schritt benötigt. Naja...
Auf jeden Fall kann ich das Ufo Puzzle nur empfehlen!",cast-level-4-huzzle-cast-ufo,https://www.jugglux.ch/spiele-und-geschenke/knobel-und-geduldspiele/cast-knobelspiele-metall/cast-level-4-huzzle-cast-ufo.html,https://www.jugglux.ch/media/image/d1/b6/e4/cast-level-4-huzzle-cast-ufo-226679-42653_600x600.jpg
2020-04-14,14. April 2020,Rachid,5.0,Gutes Puzzle,"Ich hatte es relativ rasch auseinander genommen, jedoch bis jetzt noch nicht zusammengebracht.
Meiner Meinung nach ist es genau umgekehrt: Das Cake Puzzle hatte ich viel schneller gelöst als dieses hier. Das schöne dabei ist doch, dass die Erfahrung von anderen PuzzlerInnen zeigt, dass jeder Mensch die Schwierigkeit von Puzzles unterschiedlich einschätzt, resp. unterschiedlich lange fürs Lösen benötigt. Das Marble-Puzzle ist meiner Meinung nach ein 5 Sterne Puzzle.",cast-level-5-marble,https://www.jugglux.ch/spiele-und-geschenke/knobel-und-geduldspiele/cast-knobelspiele-metall/cast-level-5-marble.html,https://www.jugglux.ch/media/image/2e/b4/45/cast-level-5-marble-220187-30124_600x600.jpg
2020-04-14,14. April 2020,Andreas Schneider,5.0,Glasmurmel Arctic,sehen sehr gut aus!,glasmurmel-22-25mm-arctic,https://www.jugglux.ch/kurioses-und-kultiges/murmeln-und-zubehoer/glasmurmeln-mittel/glasmurmel-22-25mm-arctic.html,https://www.jugglux.ch/media/image/a9/78/a4/glasmurmel-22-25mm-arctic-219325-43772_600x600.jpg
2020-04-14,14. April 2020,olivia,5.0,Carbonstab,"Tiptop, sorgfältig verpakt und schnelle Lieferung",carbonstab-massiv-4mm-100cm,https://www.jugglux.ch/outdoor-und-freizeit/drachen-und-zubehoer/zubehoer-fuer-drachen/cfk-rohre/carbonstab-massiv-4mm-100cm.html,https://www.jugglux.ch/media/image/3c/89/c3/carbonstab-massiv-4mm-100cm-235804-30298_600x600.jpg
2020-04-14,14. April 2020,Judith,5.0,Hochwertig und schön,"Ein hübsches und einfaches Spielzeug, wie von früher. Bisher hat er jeden Sturz überlebt.",luftschraube-der-handpropeller-aus-holz,https://www.jugglux.ch/outdoor-und-freizeit/aviatik-spass-und-flugspiele/propeller-spiele/luftschraube-der-handpropeller-aus-holz.html,https://www.jugglux.ch/media/image/31/4d/3b/luftschraube-der-handpropeller-aus-holz-237777-41842_600x600.jpg
2020-04-14,14. April 2020,Judith,5.0,"einer, der hält","Endlich mal ein Frisbee, der lange Freude macht. Die Gratisdinger mit Werbung, die man bekommt, sind einfach nichts wert. Ich hätte mir schon lange einen richtigen Frisbee kaufen sollen.",frisbee-140g-super-glow,https://www.jugglux.ch/outdoor-und-freizeit/frisbee-und-bumerang/profi-frisbees-bis-145g/frisbee-140g-super-glow.html,https://www.jugglux.ch/media/image/08/a3/b6/frisbee-140g-super-glow-237766-41889_600x600.jpg
2020-04-14,14. April 2020,Andreas Schneider,5.0,Glasmurmel Arctic,Sehen sehr gut aus und wurden schnell geliefert!,glasmurmel-22-25mm-arctic,https://www.jugglux.ch/kurioses-und-kultiges/murmeln-und-zubehoer/glasmurmeln-mittel/glasmurmel-22-25mm-arctic.html,https://www.jugglux.ch/media/image/a9/78/a4/glasmurmel-22-25mm-arctic-219325-43772_600x600.jpg
2020-04-14,14. April 2020,Sandy,5.0,Gute Jonglierbälle zum üben,,springball-g-force-60mm-gruen,https://www.jugglux.ch/jonglieren-und-artistik/baelle-zum-jonglieren/jonglierbaelle-die-springen/springball-g-force/springball-g-force-60mm-gruen.html,https://www.jugglux.ch/media/image/09/17/fc/springball-g-force-60mm-grun-235104-40192_600x600.jpg
2020-04-14,14. April 2020,Alexandra Stössel,5.0,Spass,Sehr schnelles Spiel. Gute Verarbeitung.,jazzminton-set,https://www.jugglux.ch/outdoor-und-freizeit/outdoor-und-gartenspiele/strandspiele/jazzminton-set.html,https://www.jugglux.ch/media/image/59/7a/ea/jazzminton-set-238291-43103_600x600.jpg
2020-04-14,14. April 2020,Alexandra Stössel,2.5,Na ja,Es wird schnell langweilig. Nicht hochwertiges Spiel,speedball-boingball,https://www.jugglux.ch/outdoor-und-freizeit/outdoor-und-gartenspiele/strandspiele/speedball-boingball.html,https://www.jugglux.ch/media/image/47/6f/66/speedball-boingball-238301-43106_600x600.jpg
2020-04-14,14. April 2020,Alexandra Stössel,5.0,Spass,Macht riesen Spass. Hochwertig,tennistrainer-block-holz-natur-1.2-kg,https://www.jugglux.ch/outdoor-und-freizeit/outdoor-und-gartenspiele/tennis/tennistrainer-block-holz-natur-1.2-kg.html,https://www.jugglux.ch/media/image/eb/47/1a/tennistrainer-block-holz-natur-1-2-kg-238586-44329_600x600.jpg
2020-04-13,13. April 2020,Marc Freiberger,5.0,"Ein ""Must Have"" für London-Fans","Kommt super sparsam verpackt (das Plastiksäckli mit den Gummiringen ist sogar perforiert!), ist Kinderleicht zusammenzubauen (tolles Stecksystem, gutes Material!) - und macht auf dem Schreibtisch einfach Freude!",stiftebox-london-bus,https://www.jugglux.ch/spiele-und-geschenke/schreiben-malen-zeichnen/stifteboxen-fuer-schreibtisch/stiftebox-london-bus.html,https://www.jugglux.ch/media/image/ce/c6/8b/stiftebox-london-bus-220544-31953_600x600.jpg
2020-04-13,13. April 2020,Lukas Sennhauser,4.5,Anfängerjonglierkeulen,,delphin-short-die-jonglierkeule-fuer-einsteiger-blau,https://www.jugglux.ch/jonglieren-und-artistik/keulen-zum-jonglieren/delphin-short-jonglierkeule/delphin-short-die-jonglierkeule-fuer-einsteiger-blau.html,https://www.jugglux.ch/media/image/0c/e2/d3/delphin-short-die-jonglierkeule-fur-einsteiger-blau-23-20705_600x600.jpg
2020-04-11,11. April 2020,Jana,5.0,Super Produkt,"Der Ball liegt sehr gut in der Hand und durch das Gewicht fällt es auch leichter, ihn am Körper zu behalten. Dadurch kann ich als Anfänger trotzdem schnell Tricks erlernen.",heavy-contactball-100mm-orange-der-ultimative,https://www.jugglux.ch/jonglieren-und-artistik/baelle-zum-jonglieren/contact-jonglierbaelle/contact-stagebaelle-100mm/heavy-contactball-100mm-orange-der-ultimative.html,https://www.jugglux.ch/media/image/e1/94/8c/heavy-contactball-100mm-orange-der-ultimative-233988-30187_600x600.jpg
2020-04-11,11. April 2020,Jana,4.0,Sehr beeindruckend,"Sehr cooles Design, sieht beeindruckend aus, ist aber trotzdem zum Üben sehr gut geeignet, da sie ungefährlich sind. Ich habe es mir viel schwieriger vorgestellt, liegt aber gut in der Hand und lässt schnelle Drehungen zu.
Ich übe nur auf dem Rasen, da ich denke, dass sie bei hartem Untergrund Schaden nehmen könnten. Schrauben waren nach einger Zeit lockerer, was aber kein Problem ist, da man sie einfach nachziehen kann.
Bin sehr zufrieden mit diesen Jongliermessern.",jongliermesser-von-juggle-dream,https://www.jugglux.ch/jonglieren-und-artistik/keulen-zum-jonglieren/jonglier-messer-und-berousek-keulen/jongliermesser-von-juggle-dream.html,https://www.jugglux.ch/media/image/2b/e7/ba/jongliermesser-von-juggle-dream-234777-37201_600x600.jpg
2020-04-10,10. April 2020,Bea,5.0,Leider nicht mehr zurückgekommen,"Der letzte Bumerang ist eines Tages einfach nicht mehr zurückgekommen, bzw. er ist verloren gegangen. Da wir ihn nie vergessen konnten, haben wir nun drei Jahre später nochmals einen bestellt. Er ist einfach grossartig!",dreifluegler-bumerang-maya,https://www.jugglux.ch/outdoor-und-freizeit/frisbee-und-bumerang/wallaby-boomerangs/dreifluegler-bumerang-maya.html,https://www.jugglux.ch/media/image/42/ff/4f/dreiflugler-bumerang-maya-236606-36631_600x600.jpg
2020-04-10,10. April 2020,Thomas Fuchs,5.0,Sehr gut,"Springen sehr schön zurück, sind entsprechend schwerer als normale Jonglierbälle",springball-g-force-65mm-weiss,https://www.jugglux.ch/jonglieren-und-artistik/baelle-zum-jonglieren/jonglierbaelle-die-springen/springball-g-force/springball-g-force-65mm-weiss.html,https://www.jugglux.ch/media/image/e9/c0/9c/springball-g-force-65mm-weiss-234136-31347_600x600.jpg
2020-04-08,8. April 2020,Meier,3.0,Lustige Abwechslung,"Diese Blasen halten was sie versprechen. Wenn sie aber platzen, bleibt ein weisslicher Film übrig.",touchable-bubbles-seifenblasen-zum-anfassen-22ml,https://www.jugglux.ch/kurioses-und-kultiges/seifenblasen-pustefix-und-zauberseife/seifenblasen-diverses/touchable-bubbles-seifenblasen-zum-anfassen-22ml.html,https://www.jugglux.ch/media/image/b5/79/41/touchable-bubbles-seifenblasen-zum-anfassen-22ml-216870-31841_600x600.jpg
2020-04-08,8. April 2020,Meier,5.0,Toller langlebiger Schleim,"Mein Kind liebt diesen Schleim. Er ist super zum kneten, zum Blasen machen die man dann platzen lassen kann, er macht über sehr lange Zeit Spass, denn durch die Dose ist er optimal aufbewahrt.
Der Beste Schleim den wir je hatten und wir haben wohl schon so ziemlich alle Marken und Arten davon durchprobiert.",glitzer-putty-schleim-im-xxl-becher-400g,https://www.jugglux.ch/kurioses-und-kultiges/kleinigkeiten-und-verspieltes/flutschie-schleimi-und-klebriges/glitzer-putty-schleim-im-xxl-becher-400g.html,https://www.jugglux.ch/media/image/fa/84/34/glitzer-putty-schleim-im-xxl-becher-400g-218813-42572_600x600.jpg
2020-04-08,8. April 2020,Meier,5.0,Der altbewährte,Ich liebe diesen Schnürrballen! Schon in meiner Kindheit ein super Gefährte. Jetzt spielt mein Kind damit.,buschwusch-midi-der-ball-aus-gummischnueren,https://www.jugglux.ch/kurioses-und-kultiges/kleinigkeiten-und-verspieltes/beruehren-und-fuehlen/buschwusch-midi-der-ball-aus-gummischnueren.html,https://www.jugglux.ch/media/image/7f/e9/20/buschwusch-midi-der-ball-aus-gummischnuren-217145-34182_600x600.jpg
2020-04-07,7. April 2020,Iris,5.0,Ideal für Vorschulalter,Unser Sohn (5.5 Jahre) hat schnell verschiedene Wurftechniken erkannt und ausprobiert. Braucht kaum Anstrengung und fliegt trotzdem weit und hoch.,neo-komet-wurfspielzeug-aus-neopren-mit-schweif,https://www.jugglux.ch/outdoor-und-freizeit/outdoor-und-gartenspiele/wurf-und-fang-spiele/neo-komet-wurfspielzeug-aus-neopren-mit-schweif.html,https://www.jugglux.ch/media/image/28/99/14/neo-komet-wurfspielzeug-aus-neopren-mit-schweif-238561-44029_600x600.jpg
2020-04-07,7. April 2020,Iris,5.0,Sind begeistert,"Vereint Spass, Action und Geschicklichkeit. Für unseren Sohn (5.5 Jahre) etwas zu schwierig mit beiden Sticks. Ab 8 Jahren keine Schwierigkeiten in der Bedienung.",tualoop-ringwurfspiel-das-vielseitige-outdoorspiel,https://www.jugglux.ch/outdoor-und-freizeit/outdoor-und-gartenspiele/wurf-und-fang-spiele/tualoop-ringwurfspiel-das-vielseitige-outdoorspiel.html,https://www.jugglux.ch/media/image/8f/fd/70/tualoop-ringwurfspiel-das-vielseitige-outdoorspiel-237049-37480_600x600.jpg
2020-04-07,7. April 2020,SaK,5.0,Gute Beschäftigung,"Lustig gemacht und regt zur Wiederholung an. Grösser, als erwartet.",eureka-3d-amaze-ball-puzzle,https://www.jugglux.ch/spiele-und-geschenke/knobel-und-geduldspiele/3d-puzzles/eureka-3d-amaze-ball-puzzle.html,https://www.jugglux.ch/media/image/92/7a/bd/eureka-3d-amaze-ball-puzzle-226017-42224_600x600.jpg
2020-04-07,7. April 2020,SaK,4.5,"Genau das, was man erwartet.","Es ist genau das, was man erwartet. Macht Spass beim Knobeln.",square-krasnoukhov-s-amazing-packing-problems,https://www.jugglux.ch/spiele-und-geschenke/knobel-und-geduldspiele/logikspiele/square-krasnoukhov-s-amazing-packing-problems.html,https://www.jugglux.ch/media/image/e4/2f/e3/square-krasnoukhov-s-amazing-packing-problems-228132-43818_600x600.jpg
2020-04-06,6. April 2020,Farhad,5.0,Carrambole,Schnell und unkompliziert!,carrom-brett-mango,https://www.jugglux.ch/spiele-und-geschenke/gesellschaftsspiele/carambole-brett-und-zubehoer/carrom-brett-mango.html,https://www.jugglux.ch/media/image/21/49/c3/carrom-brett-mango-223594-38816_600x600.jpg
2020-04-06,6. April 2020,Remo Strehler,4.0,"Nach einigen ""Startschwierigkeiten"" mit dem Neigewinkel, klappt es zwischenzeitlich recht gut.",,bumerang-zebra-iii-r,https://www.jugglux.ch/outdoor-und-freizeit/frisbee-und-bumerang/bumerang-kunststoff/bumerang-zebra-iii-r.html,https://www.jugglux.ch/media/image/e9/8c/ab/bumerang-zebra-iii-r-235733-21306_600x600.jpg
2020-04-06,6. April 2020,Remo Strehler,4.0,Gutes Anfängerdiabolo!,,diabolo-harlekin-mittel-blau-schwarz,https://www.jugglux.ch/jonglieren-und-artistik/diabolos-und-zubehoer/diabolos-fuer-kinder/diabolo-harlekin-mittel/diabolo-harlekin-mittel-blau-schwarz.html,https://www.jugglux.ch/media/image/24/0a/47/diabolo-harlekin-mittel-blau-schwarz-234969-38802_600x600.jpg
2020-04-05,5. April 2020,Frank,5.0,tolle Herausforderung für die Kids,"Die Kids haben sehr viel Spass mit den Einrädern (18"" und 20"")
Sehr gute Qualität und günstige Ersatzteile (die Sättel leiden beim Lernen ziemlich) gibt es auch *SMILE*
Das Einrad kann ich mit gutem Gewissen empfelen!!!",qu-ax-luxus-einrad-18-zoll-blau,https://www.jugglux.ch/outdoor-und-freizeit/einrad-und-zubehoer/16-und-18-zoll-einraeder/qu-ax-luxus-einrad-18-zoll-blau.html,https://www.jugglux.ch/media/image/25/05/30/qu-ax-luxus-einrad-18-zoll-blau-236101-32695_600x600.jpg
2020-04-05,5. April 2020,Christian Flückiger,5.0,Sehr zufrieden mit Lieferung und Artikel,,ugears-mechanischer-holzbausatz-dampflokomotive,https://www.jugglux.ch/experimente-und-magie/mechanische-holzbausaetze/ugears-mechanische-holzmodelle/ugears-mechanischer-holzbausatz-dampflokomotive.html,https://www.jugglux.ch/media/image/f7/5b/92/ugears-mechanischer-holzbausatz-dampflokomotive-231539-40631_600x600.jpg
2020-04-03,3. April 2020,Bucher,5.0,Auf Anfrage bezüglich Zusatzartikel bekam ich eine rasche Antwort. Rasche Lieferung des bestellten Artikels. Sehr positiv!,,hudora-ersatz-ball-mit-schnur-und-karabinerhaken-fuer-twistball,https://www.jugglux.ch/outdoor-und-freizeit/outdoor-und-gartenspiele/tennis/hudora-ersatz-ball-mit-schnur-und-karabinerhaken-fuer-twistball.html,https://www.jugglux.ch/media/image/70/66/d0/hudora-ersatz-ball-mit-schnur-und-karabinerhaken-fur-twistball-39328_600x600.jpg
2020-04-02,2. April 2020,Catelani Lodovico,5.0,TOP,"Trotz Krise superschnelle Lieferung , alle Achtung",anatomie-modell-mensch-schwangerschaft,https://www.jugglux.ch/experimente-und-magie/physikspiele-und-co/anatomie-puzzle/anatomie-modell-mensch-schwangerschaft.html,https://www.jugglux.ch/media/image/df/cd/59/anatomie-modell-mensch-schwangerschaft-231198-39198_600x600.gif
2020-04-02,2. April 2020,Silvia,4.5,riesig aber super,Dieser Reifen wirkt im ersten Moment riesig. Ich als Anfängerin konnte jedoch nach kurzer Zeit schon gut damit umgehen. Macht Spass!,hula-hooop-trinidad-groesse-l,https://www.jugglux.ch/outdoor-und-freizeit/hulahoop-reifen/travel-hula-hoops/hula-hooop-trinidad-groesse-l.html,https://www.jugglux.ch/media/image/e8/dd/74/hula-hooop-trinidad-grosse-l-236118-32917_600x600.jpg
2020-04-02,2. April 2020,Markus,5.0,"Genau was wir für Anfänger suchten, einfach zu Bedienen, leicht zu Verstauen und er fliegt und fliegt enfach.","Genau was wir für Anfänger suchten, einfach zu Bedienen, leicht zu Verstauen und er fliegt und fliegt enfach.",drache-symphony-beach-1.3-rainbow,https://www.jugglux.ch/outdoor-und-freizeit/drachen-und-zubehoer/lenkmatten/drache-symphony-beach-1.3-rainbow.html,https://www.jugglux.ch/media/image/g0/84/5a/drache-symphony-beach-1-3-rainbow-236608-36638_600x600.jpg
2020-04-01,1. April 2020,Angela Graf,5.0,Winterthurer Wimmelbuch,Spannende Details. Einwandfreies Exemplar per Post erhalten. Jugglux hat einen Top Service geboten. Dankeschön!,4.-auflage-vom-winterthurer-wimmelbuch,https://www.jugglux.ch/spiele-und-geschenke/geschenkideen/freche-geschenke/4.-auflage-vom-winterthurer-wimmelbuch.html,https://www.jugglux.ch/media/image/f9/27/67/3-auflage-vom-winterthurer-wimmelbuch-228373-43526_600x600.jpg
2020-04-01,1. April 2020,Buergi Marc,5.0,Gute Qualität,Sehr guter griffiger Jonglierball.Liegt gut in den Händen.,jonglierball-beanbag-record-touch-130g-weiss,https://www.jugglux.ch/jonglieren-und-artistik/baelle-zum-jonglieren/jonglierbaelle-zum-trainieren/jonglierball-beanbag-130g/jonglierball-beanbag-record-touch-130g-weiss.html,https://www.jugglux.ch/media/image/6e/47/e8/jonglierball-beanbag-record-touch-130g-weiss-234981-38812_600x600.jpg
2020-04-01,1. April 2020,Lino,5.0,Hammer produkt,Super Produkt! Trainiere jetzt immer meine Unterarme.,powerball-basic,https://www.jugglux.ch/experimente-und-magie/physikspiele-und-co/powerball/powerball-basic.html,https://www.jugglux.ch/media/image/6d/13/fe/powerball-basic-229920-20180_600x600.jpg
2019-07-31,31. Juli 2019,Natascha Schoonderwaldt,5.0,Super lässige Lenkmatte,Macht sehr Spass und ist sehr gut zu handhaben.,lenkmatte-symphony-pro-2.2,https://www.jugglux.ch/outdoor-und-freizeit/drachen-und-zubehoer/lenkmatten/lenkmatte-symphony-pro-2.2.html,https://www.jugglux.ch/media/image/9e/1d/b7/lenkmatte-symphony-pro-2-2-236580-36167_600x600.jpg
2019-07-28,28. Juli 2019,Markus Später,5.0,wie gewünscht,,bubbleball-der-jonglierball-aus-kunststoff-orange-peach,https://www.jugglux.ch/jonglieren-und-artistik/baelle-zum-jonglieren/jonglierbaelle-aus-kunststoff/jonglierball-bubbleball-63mm/bubbleball-der-jonglierball-aus-kunststoff-orange-peach.html,https://www.jugglux.ch/media/image/7e/1b/cd/Bubbleball-der-Jonglierball-aus-Kunststoff-orange-peach-7611847005399_600x600.jpg
2019-07-25,25. Juli 2019,Lina Ferrari,4.0,"Gute Qualität, schnelle und unkomplizierte Lieferung",,heavy-contactball-100mm-weiss-der-ultimative,https://www.jugglux.ch/jonglieren-und-artistik/baelle-zum-jonglieren/contact-jonglierbaelle/contact-stagebaelle-100mm/heavy-contactball-100mm-weiss-der-ultimative.html,https://www.jugglux.ch/media/image/a2/4b/83/heavy-contactball-100mm-weiss-der-ultimative-233987-30186_600x600.jpg
2019-07-22,22. Juli 2019,Claudia Odermatt,5.0,Geniale Reifenblasen mit verschiedensten Formen,"Nach Seifenblasenstab mini, die perfekte Herausforderung. Je nach Wind und Handhabung, diverse Formen und Anzahl an Riesenseifenblasen. Eine wahre Freude und Faszination für Gross und Klein :o)",zauberseife-seifenblasenschnur-midi,https://www.jugglux.ch/kurioses-und-kultiges/seifenblasen-pustefix-und-zauberseife/zauberseife-riesen-seifenblasen/zauberseife-seifenblasenschnur-midi.html,https://www.jugglux.ch/media/image/13/4c/7c/zauberseife-seifenblasenschnur-midi-217767-36192_600x600.jpg
2019-07-22,22. Juli 2019,Claudia Odermatt,5.0,Zauberseife,"Das absolute Riesenseifenblasenwundermittel :) nach vielen gescheiterten Selbstversuchen,endlich die perfekte Lösung gefunden: Die Zauberseife!!! Riesenseifenblasen perfekt hingekriegt",zauberseife-1-liter-gebrauchsfertig,https://www.jugglux.ch/kurioses-und-kultiges/seifenblasen-pustefix-und-zauberseife/zauberseife-riesen-seifenblasen/zauberseife-1-liter-gebrauchsfertig.html,https://www.jugglux.ch/media/image/1d/98/13/zauberseife-1-liter-gebrauchsfertig-217863-37290_600x600.jpg
2019-07-22,22. Juli 2019,Claudia Odermatt,5.0,"Seifenblasenschnur Mini, perfekt zum Üben",Einfach perfekt um das Gefühl für Riesenseifenblasen zu erlernen. Ideal bei wenig Platz,zauberseife-seifenblasenschnur-mini,https://www.jugglux.ch/kurioses-und-kultiges/seifenblasen-pustefix-und-zauberseife/zauberseife-riesen-seifenblasen/zauberseife-seifenblasenschnur-mini.html,https://www.jugglux.ch/media/image/4a/84/d8/36193_600x600.jpg
2019-07-21,21. Juli 2019,Michael,1.5,"Gute Rätsel, aber leider zu wenig stabil","Die Rätsel sind Abwechslungsreich und herausfordernd.
Leider sind die Rästel mit Schnüren aber viel zu wenig gut verarbeitet und zu wenig stabil, auch ohne Kraftanwendung sind diese bereits nach einem Tag kaputt. Schade",metal-puzzles-collection-expert,https://www.jugglux.ch/spiele-und-geschenke/knobel-und-geduldspiele/knobelspiele-aus-metall/metal-puzzles-collection-expert.html,https://www.jugglux.ch/media/image/7c/fc/80/metal-puzzles-collection-expert-223889-39271_600x600.jpg
2019-07-21,21. Juli 2019,Michael,2.0,"Coole Rätsel, aber leider zu wenig stabil","Die Rätsel sind sehr gut gemacht, sehr abwechslungsreich und herausfordernd. Leider sind sie aber zu wenig gut verarbeitet, vorallem die Rätsel mit Schnüren. Diese sind auch ohne Kraftanwendung bereits nach einem Tag kaputt. Schade",metal-puzzles-collection-extreme,https://www.jugglux.ch/spiele-und-geschenke/knobel-und-geduldspiele/knobelspiele-aus-metall/metal-puzzles-collection-extreme.html,https://www.jugglux.ch/media/image/a5/d6/32/metal-puzzles-collection-extreme-223886-39268_600x600.jpg
2019-07-21,21. Juli 2019,Michael,4.0,Gutes Rätsel mit lustiger Form,,cast-level-3-huzzle-cast-arrows,https://www.jugglux.ch/spiele-und-geschenke/knobel-und-geduldspiele/cast-knobelspiele-metall/cast-level-3-huzzle-cast-arrows.html,https://www.jugglux.ch/media/image/d9/cc/56/cast-level-3-huzzle-cast-arrows-225763-42218_600x600.jpg
2019-07-21,21. Juli 2019,Michael,5.0,Schwieriges Rätsel in sehr stabiler Ausführung,"So muss ein Rätsel gemacht sein, damit man es auch nach Jahren noch benutzen kann.",cast-level-6-huzzle-cast-trinity,https://www.jugglux.ch/spiele-und-geschenke/knobel-und-geduldspiele/cast-knobelspiele-metall/cast-level-6-huzzle-cast-trinity.html,https://www.jugglux.ch/media/image/2e/c1/82/cast-level-6-huzzle-cast-trinity-225920-42340_600x600.jpg
2019-07-21,21. Juli 2019,Michael,5.0,"Tolles Rätsel, sehr stabil","Dieses Rätsel macht sehr viel Spass und braucht Ausdauer.
Schritt um Schritt kommt man der Lösung näher und ist doch lange nicht da.
Das Rätsel ist sehr stabil - einfach Perfekt.",cast-level-6-huzzle-cast-hourglass,https://www.jugglux.ch/spiele-und-geschenke/knobel-und-geduldspiele/cast-knobelspiele-metall/cast-level-6-huzzle-cast-hourglass.html,https://www.jugglux.ch/media/image/19/de/49/cast-level-6-huzzle-cast-hourglass-226571-42654_600x600.jpg
2019-07-21,21. Juli 2019,Michael,5.0,Schön gestaltetes und stabiles Rätsel,"Dieses Rätsel eignet sich sehr gut als Geschenk zur Verlobung oder zum Hochzeit.
Schön gestaltet und stabil.",cast-level-4-heart,https://www.jugglux.ch/spiele-und-geschenke/knobel-und-geduldspiele/cast-knobelspiele-metall/cast-level-4-heart.html,https://www.jugglux.ch/media/image/53/d8/f7/cast-level-4-heart-220193-30130_600x600.jpg
2019-07-15,15. Juli 2019,Annette,5.0,Abalone,Super in der Verarbeitung und im Format für unterwegs. Schneller Versand. Alles tip top.,abalone-go-travel-variante,https://www.jugglux.ch/spiele-und-geschenke/brettspiele/reisespiele/abalone-go-travel-variante.html,https://www.jugglux.ch/media/image/d3/4a/b5/Abalone-go-Travel-Variante-3558380119838_600x600.jpg
2019-07-06,6. Juli 2019,Irena,5.0,Vertikaltuch,Top Produkt. Unsere Kinder sind begeistert!,vertikaltuch-12-m-blau,https://www.jugglux.ch/jonglieren-und-artistik/artistik-medien-und-zirkusartikel/vertikaltuecher/vertikaltuch-12-m-blau.html,https://www.jugglux.ch/media/image/22/8d/17/vertikaltuch-12-m-blau-234216-32024_600x600.jpg
2019-06-30,30. Juni 2019,Christian Emmenegger,4.5,Läuft gut für fürs uns als Anfänger mit dem Diabolo,,diabolo-harlekin-mittel-blau-schwarz,https://www.jugglux.ch/jonglieren-und-artistik/diabolos-und-zubehoer/diabolos-fuer-kinder/diabolo-harlekin-mittel/diabolo-harlekin-mittel-blau-schwarz.html,https://www.jugglux.ch/media/image/24/0a/47/diabolo-harlekin-mittel-blau-schwarz-234969-38802_600x600.jpg
2019-06-27,27. Juni 2019,Melanie,4.5,Lizard Einsteiger Yoyo,"Cooles Yoyo, liegt gut in der Hand, angenehmes Material. Für Anfänger empfehlenswert.",lizard-das-einsteiger-yoyo-blau,https://www.jugglux.ch/outdoor-und-freizeit/yoyo-shop/freilauf-yoyos/lizard-das-einsteiger-yoyo-blau.html,https://www.jugglux.ch/media/image/f1/ec/71/lizard-das-einsteiger-yoyo-blau-236059-32236_600x600.jpg
2019-06-26,26. Juni 2019,Dave,5.0,"Top-Qualität, schnelle Lieferung.",Ideal für Personen mit etwas kleineren Händen,jonglierball-beanbag-110g-blau-mit-schwarz,https://www.jugglux.ch/jonglieren-und-artistik/baelle-zum-jonglieren/jonglierbaelle-zum-trainieren/jonglierball-beanbag-110g/jonglierball-beanbag-110g-blau-mit-schwarz.html,https://www.jugglux.ch/media/image/fd/37/7e/jonglierball-beanbag-110g-blau-mit-schwarz-233607-20474_600x600.jpg
2019-06-24,24. Juni 2019,ueli lüthi,4.5,gute qualität und schnelle lieferung,wir brauchen je zwei oktaeder mit den zahlenwerten 2-9 zum üben des kleinen einmaleins. die schüler mögen die spezielle form – und das trockene büffeln erhält etwas spielerisches.,unbedruckter-wuerfel-mit-8-flaechen-weiss-25mm,https://www.jugglux.ch/spiele-und-geschenke/wuerfel-fuer-spiele/wuerfel-mit-8-flaechen/unbedruckter-wuerfel-mit-8-flaechen-weiss-25mm.html,https://www.jugglux.ch/media/image/d2/d5/3f/unbedruckter-wurfel-mit-8-flachen-weiss-25mm-223225-38063_600x600.jpg
2019-06-23,23. Juni 2019,Happy Productions,3.0,Schön zum spielen - schnell kaputt,"Schöner Effekt für Jung und Alt, zudem ist der Vogel schön gestalten. Leider darf er ja nicht runterfallen, sonst geht er schnell kaputt. Deshalb lasse ich die Leute nicht mehr alleine damit spielen.",schwebeadler,https://www.jugglux.ch/experimente-und-magie/physikspiele-und-co/optisches-und-beobachten/schwebeadler.html,https://www.jugglux.ch/media/image/6d/a4/5d/schwebeadler-230559-34742_600x600.jpg
2019-06-23,23. Juni 2019,Happy Productions,1.0,Deckt nicht gut ab,"Von einer Augenbinde erwarte ich, dass man nichts mehr sieht. Durch die schlechte und unbequeme Passform kann man immer durchschielen.",augenbinde-mit-klettverschluss,https://www.jugglux.ch/kurioses-und-kultiges/kleinigkeiten-und-verspieltes/krimskrams/augenbinde-mit-klettverschluss.html,https://www.jugglux.ch/media/image/d8/87/27/augenbinde-mit-klettverschluss-218354-41397_600x600.jpg
2019-06-23,23. Juni 2019,Happy Productions,3.0,Super für Animationen,Laut und gut. Schade fällt schon nach dem ersten Gebrauch das Bändeli ab...,triller-pfeife-aus-metall-sportpfeife,https://www.jugglux.ch/kurioses-und-kultiges/musikdosen-und-instrumente/instrumente-und-pfeifen/triller-pfeife-aus-metall-sportpfeife.html,https://www.jugglux.ch/media/image/a8/40/94/triller-pfeife-aus-metall-sportpfeife-216687-21738_600x600.jpg
2019-06-23,23. Juni 2019,Happy Productions,5.0,Tiptop,"Eignet sich gut für den gebrauch von Animationen, um Material in Sicherheit zu halten :)",4-pylone-orange-weisse-kegel,https://www.jugglux.ch/outdoor-und-freizeit/outdoor-und-gartenspiele/gartenspiele/4-pylone-orange-weisse-kegel.html,https://www.jugglux.ch/media/image/3b/e0/ea/4-pylone-orange-weisse-kegel-237352-39329_600x600.jpg
2019-06-23,23. Juni 2019,Happy Productions,5.0,Super,"Schlauch gewechselt. Fährt wieder tadellos :)
Cool habt ihr so viel Verschiedenes im Angebot.",einrad-schlauch-fuer-20-zoll-raeder-20-x-1.75-av,https://www.jugglux.ch/outdoor-und-freizeit/einrad-und-zubehoer/einrad-schlauch/einrad-schlauch-fuer-20-zoll-raeder-20-x-1.75-av.html,https://www.jugglux.ch/media/image/97/ca/f2/einrad-schlauch-fur-20-zoll-rader-236202-32996_600x600.jpg
2019-06-23,23. Juni 2019,Happy Productions,3.0,Achtung!,Geht sehr schnell kaputt. Nicht ohne Beaufsichtigung spielen lassen. Habe einen gelben geliefert gekriegt und nicht einen blauen. Finde den Adler auf jugglux.ch am schönsten vom Design her (da kriegt man sogar eine kleine Pyramide mit dazu). Ansonsten ist der Effekt sehr sehr schön und die Faszination bei den Leuten sehr toll :),magischer-spielvogel-der-balance-bird,https://www.jugglux.ch/experimente-und-magie/physikspiele-und-co/diverse-physikalische-spiele/magischer-spielvogel-der-balance-bird.html,https://www.jugglux.ch/media/image/b9/c6/d5/magischer-spielvogel-der-balance-bird-230088-21750_600x600.jpg
2019-06-20,20. Juni 2019,Junker,3.0,Tolle Geschenkidee!,Etwas laut im Geräusch (für Kleinkinder) und eher kurze Laufzeit. Verarbeitung und Gestaltung sehr schön.,auto-aus-blech-mit-wendemechanik,https://www.jugglux.ch/kurioses-und-kultiges/nostalgie-und-klassiker/blechspielzeug/auto-aus-blech-mit-wendemechanik.html,https://www.jugglux.ch/media/image/83/02/68/auto-aus-blech-mit-wendemechanik-217273-35491_600x600.jpg
2019-06-20,20. Juni 2019,Rohner,5.0,"Einrad, super Qualität, Lieferung effizient",,qu-ax-luxus-einrad-20-zoll-die-stabilen-orange,https://www.jugglux.ch/outdoor-und-freizeit/einrad-und-zubehoer/20-zoll-einraeder-qu-ax/qu-ax-luxus-einrad-20-zoll-die-stabilen-orange.html,https://www.jugglux.ch/media/image/06/09/ac/qu-ax-luxus-einrad-20-zoll-die-stabilen-orange-237157-38381_600x600.jpg
2019-06-18,18. Juni 2019,N. Tribelhorn,4.0,Schirmhut,"Schöner Schirmhut, war als Gag gedacht. Einzig zu bemängeln ist, dass das Stoffmuster/Farben nicht mit dem Foto bei der Artikelbestellung übereinstimmt.",schirmhut-umbrella-hat,https://www.jugglux.ch/spiele-und-geschenke/geschenkideen/geschenke-fuer-auf-reisen/schirmhut-umbrella-hat.html,https://www.jugglux.ch/media/image/65/5f/4c/schirmhut-umbrella-hat-223080-37966_600x600.jpg
2019-06-17,17. Juni 2019,Matthias Müller,5.0,echt schönes Puzzle,"Sehr schönes Puzzle, welches man (fast) nur mit logischen Überlegungen lösen kann. Schöner bzw. schlauer Mechanismus, welcher auch nach dem dritten Mal noch Spass macht!",cast-level-4-donuts,https://www.jugglux.ch/spiele-und-geschenke/knobel-und-geduldspiele/cast-knobelspiele-metall/cast-level-4-donuts.html,https://www.jugglux.ch/media/image/e5/cd/25/cast-level-4-donuts-221665-34837_600x600.jpg
2019-06-17,17. Juni 2019,Matthias Müller,3.0,Viel Geld für (relativ) wenig Knobelei,"Sehr schön verarbeitete Figur, aber es gibt genau einen einzigen Mechanismus, den man verstehen muss (oder mit ein wenig Glück gehts sogar auch), das wars. Bei anderen cast-puzzles bekomme ich wesentlich mehr puzzlespass für weniger geld.",cast-chess-puzzles-bishop-level-2-schachfigur-laeufer,https://www.jugglux.ch/spiele-und-geschenke/knobel-und-geduldspiele/cast-knobelspiele-metall/cast-chess-puzzles-bishop-level-2-schachfigur-laeufer.html,https://www.jugglux.ch/media/image/50/29/32/cast-chess-puzzles-bishop-level-2-schachfigur-laufer-2-40548_600x600.jpg
2019-06-16,16. Juni 2019,mario gio aloise,5.0,Perfekter Service - Top Artikel zu fairem Preis,Wir sind mit Ihrem Service und dem Produkt top zufrieden. Gerne wieder.,cyan,https://www.jugglux.ch/experimente-und-magie/physikspiele-und-co/3d-brillen/3d-brille-aus-papier-rot/cyan.html,https://www.jugglux.ch/media/image/a8/5b/9d/3d-brille-aus-papier-rot-cyan-230436-33749_600x600.jpg
2019-06-15,15. Juni 2019,Andi,2.5,Easy Cake ;),Level 4 past so ist ein gutes Puzzle welches einem zum denken anspornt. Qualität wie gewohnt von Cast Puzzels tip top!,cast-level-4-cake,https://www.jugglux.ch/spiele-und-geschenke/knobel-und-geduldspiele/cast-knobelspiele-metall/cast-level-4-cake.html,https://www.jugglux.ch/media/image/84/ca/6a/cast-level-4-cake-223800-39158_600x600.jpg
2019-06-15,15. Juni 2019,Andi,5.0,Zu leicht!,"Verarbeitung ist genial es fühlt sich wunderbar an! Aber es ist kein 5 Sterne Puzzle.. Würde dem maximal eine 3 Sterne Wertung geben. Unter 5min gelöst und zusammengebaut. Cake Puzzle ist wesentlich kniffliger.
Schönnes Produkt wird sich auch gut in der Sammlung machen. Aber Schwirigkeitsgrad zu hoch angesetzt.",cast-level-5-marble,https://www.jugglux.ch/spiele-und-geschenke/knobel-und-geduldspiele/cast-knobelspiele-metall/cast-level-5-marble.html,https://www.jugglux.ch/media/image/2e/b4/45/cast-level-5-marble-220187-30124_600x600.jpg
2019-06-14,14. Juni 2019,Willms,4.5,Tip Top,,carambole-handwischer,https://www.jugglux.ch/spiele-und-geschenke/gesellschaftsspiele/carambole-brett-und-zubehoer/carambole-handwischer.html,https://www.jugglux.ch/media/image/99/77/4f/carambole-handwischer-221603-34387_600x600.jpg
2019-06-12,12. Juni 2019,Vögele Kultur Zentrum,5.0,Schüttelgesicht,Alles in einwandfreiem Zustand und sehr schnelle Lieferung.,schuettelgesicht-nasenspiel,https://www.jugglux.ch/kurioses-und-kultiges/kleinigkeiten-und-verspieltes/krimskrams/schuettelgesicht-nasenspiel.html,https://www.jugglux.ch/media/image/bd/d6/52/schuttelgesicht-nasenspiel-216952-33074_600x600.jpg
2019-06-11,11. Juni 2019,Janette,5.0,Regenbogen Stab,Sehr gut! Schnelle Lieferung . Farbreflexe sind sehr schön und dezent wird ev. im Bild bisschen farbiger dargestellt aber für uns passt es so. Online bestellt tiptop. Sehr empfehlenswert ein Besuch im Shop! Danke für den freundlichen Empfang!,flow-wand-original-levitation-stick-metallic-short-string,https://www.jugglux.ch/jonglieren-und-artistik/poi-leuchtpoi-levistick-und-zubehoer/levisticks-flow-wand/flow-wand-original-levitation-stick-metallic-short-string.html,https://www.jugglux.ch/media/image/f8/b7/fe/flow-wand-original-levitation-stick-metallic-234244-32126_600x600.jpg
2019-06-10,10. Juni 2019,Katy,5.0,Perfect,,carrom-brett-mango,https://www.jugglux.ch/spiele-und-geschenke/gesellschaftsspiele/carambole-brett-und-zubehoer/carrom-brett-mango.html,https://www.jugglux.ch/media/image/21/49/c3/carrom-brett-mango-223594-38816_600x600.jpg
2019-06-06,6. Juni 2019,Dario,4.0,Tolles Knobelspiel,"Echt schön und knifflig. Brauchte mich knapp 1 Stunde zum auseinander nehmen. In den Ursprung zurückversetzen konnte ich es nicht ohne Hilfe. Das Klingen des Metalls macht Spass und wirkt hochwertig, aber die schwarze Farbe löst sich ziemlich schnell beim herumprobieren.",cast-level-6-quartett,https://www.jugglux.ch/spiele-und-geschenke/knobel-und-geduldspiele/cast-knobelspiele-metall/cast-level-6-quartett.html,https://www.jugglux.ch/media/image/fc/8e/ac/cast-level-6-quartett-220204-30141_600x600.jpg
2019-06-06,6. Juni 2019,Dario,2.5,Verarbeitung mangelhaft,"Tolles Rätsel, aber die Box ist leider nicht so schön verarbeitet, wie auf dem Foto. Die Querbalken sind versetzt aufgeklebt und zum Teil nicht gut genug geleimt. Die Box selber ist auch etwas schief.",trickkiste-aus-holz-natur,https://www.jugglux.ch/spiele-und-geschenke/knobel-und-geduldspiele/geduldspiele-aus-holz/trickkiste-aus-holz-natur.html,https://www.jugglux.ch/media/image/7f/fa/e9/trickkiste-aus-holz-natur-221325-34027_600x600.jpg
2019-06-05,5. Juni 2019,Burger Snjezana,5.0,Jellybal Banane,Gutes Produkt für das Handtraining,jellyball-banane,https://www.jugglux.ch/kurioses-und-kultiges/kleinigkeiten-und-verspieltes/gag-baelle-und-spezial-baelle/jellyball-banane.html,https://www.jugglux.ch/media/image/ca/4e/d2/jellyball-banane-218784-42406_600x600.jpg
2019-06-03,3. Juni 2019,Timo,5.0,Super,Der Stick hat eine gute Länge und ist perfekt für das drehen in der Hand. Mein Stick kam zweifarbig - Sieht sehr schön aus!,flowerstick-kakadou-uv-glow-goastab-50cm,https://www.jugglux.ch/jonglieren-und-artistik/flowersticks-devilsticks-buugeng/lunastix-und-flowersticks/flowerstick-kakadou-uv-glow-goastab-50cm.html,https://www.jugglux.ch/media/image/1f/b4/4c/flowerstick-kakadou-uv-glow-goastab-50cm-234529-35066_600x600.jpg
2019-06-02,2. Juni 2019,Hansruedi Jucker,5.0,"Einfach Cool, schnelle Lieferung!",,chemie-experimentierkasten-wissenschaftslabor-chemie,https://www.jugglux.ch/experimente-und-magie/bau-und-experimentierkasten/verschiedene-bausaetze/chemie-experimentierkasten-wissenschaftslabor-chemie.html,https://www.jugglux.ch/media/image/2d/11/e1/chemie-experimentierkasten-wissenschaftslabor-chemie-2311-39032_600x600.jpg
2019-06-02,2. Juni 2019,Ismael Stürm,5.0,Top Animationsstelzen,,gipserstelzen-arbeitsstelzen-xl-60-100cm-bis-120kg,https://www.jugglux.ch/jonglieren-und-artistik/artistik-medien-und-zirkusartikel/handwerker-stelzen/gipserstelzen-arbeitsstelzen-xl-60-100cm-bis-120kg.html,https://www.jugglux.ch/media/image/c2/66/10/gipserstelzen-arbeitsstelzen-xl-60-100cm-bis-120kg-234672-36820_600x600.jpg
2019-06-01,1. Juni 2019,Mani Keller,5.0,"Super Qualität,schnelle Lieferung, gerne wieder",Empfehlenswert (Jugglux und Artikel),scopa-karten-100-plastik-rot-napoletanische-spielkarten,https://www.jugglux.ch/spiele-und-geschenke/kartenspiele/scopa-karten/scopa-karten-100-plastik-rot-napoletanische-spielkarten.html,https://www.jugglux.ch/media/image/8b/1a/c8/scopa-karten-100-plastik-rot-napoletanische-spielkarten-41881_600x600.jpg
2019-04-30,30. April 2019,Jimena,5.0,perfekt,wurde sofort geliefert,pustefix-5l-nachfuellbidon-gebrauchsfertige-seifenblasen-fluessigkeit,https://www.jugglux.ch/kurioses-und-kultiges/seifenblasen-pustefix-und-zauberseife/pustefix-seifenblasen/pustefix-5l-nachfuellbidon-gebrauchsfertige-seifenblasen-fluessigkeit.html,https://www.jugglux.ch/media/image/16/dd/d6/pustefix-5l-nachfullbidon-gebrauchsfertige-pustefix-flussigkeit-34890_600x600.jpg
2019-04-28,28. April 2019,Margrit,5.0,Zahlen Schiebepuzzle,"Tolles Preis-Leistungsverhältnis, werde mit dem Puzzle wieder in meine Kindheit zurückversetzt :-))",zahlen-schiebepuzzle,https://www.jugglux.ch/spiele-und-geschenke/knobel-und-geduldspiele/diverse-geduldspiele/zahlen-schiebepuzzle.html,https://www.jugglux.ch/media/image/0c/e9/1d/zahlen-schiebepuzzle-229703-30467_600x600.jpg
2019-04-26,26. April 2019,Beat Stocker,5.0,Ist genau das was ich gesucht habe,"Eventuell etwas mehr weisse an Lager haben das war das Problem Würfel sind normal weiss
Aber klar sind dadurch auch heikler.",schaumstoff-wuerfel-mit-punkten-groesse-25mm,https://www.jugglux.ch/spiele-und-geschenke/wuerfel-fuer-spiele/wuerfel-mit-6-flaechen/schaumstoff-wuerfel-mit-punkten-groesse-25mm.html,https://www.jugglux.ch/media/image/d2/5b/dc/schaumstoff-wurfel-mit-punkten-grosse-25mm-223154-38038_600x600.jpg
2019-04-23,23. April 2019,Claudia,5.0,Kugellager Diabolo,"Sehr schnelle Abwicklung, alles einwandfrei und zu unserer vollsten Zufriedenheit!",diabolo-circus-free-kugellager-diabolo-blau,https://www.jugglux.ch/jonglieren-und-artistik/diabolos-und-zubehoer/diabolos-mit-kugellager/freilauf-diabolos-circus-free/diabolo-circus-free-kugellager-diabolo-blau.html,https://www.jugglux.ch/media/image/33/9d/7f/diabolo-circus-free-kugellager-diabolo-blau-234197-31935_600x600.jpg
2019-04-20,20. April 2019,rakovic perica,5.0,lob,"Die Karten haben sehr gute Qualität, die Bestellung kommt schnell an. Ich habe auf dieser seite viele Produkte entdeckt , aber die karten sind die Besten!",bicycle-karten-standard,https://www.jugglux.ch/experimente-und-magie/zauberartikel-shop/bicycle-karten/bicycle-karten-standard.html,https://www.jugglux.ch/media/image/c4/dc/ae/bicycle-karten-standard-231404-40352_600x600.jpg
2019-04-20,20. April 2019,Andreas,5.0,Super,Alles bestens. Macht Spass.,kururin-standard-holz-natur,https://www.jugglux.ch/outdoor-und-freizeit/fidget-toys/flip-und-fidget-stick/kururin-standard-holz-natur.html,https://www.jugglux.ch/media/image/e7/ec/af/kururin-standard-holz-natur-238384-40653_600x600.jpg
2019-04-19,19. April 2019,Meshe,5.0,"Sehr gut verarbeitet, läuft einwandfrei. Nicht nur die Kinder haben ihre Freude daran!",,marienkaefer-dreht-an-der-tischkante,https://www.jugglux.ch/kurioses-und-kultiges/aufzieh-objekte/aufzieh-objekte-aus-metall/marienkaefer-dreht-an-der-tischkante.html,https://www.jugglux.ch/media/image/29/eb/6d/marienkafer-dreht-an-der-tischkante-219070-20850_600x600.jpg
2019-04-11,11. April 2019,Bianca,5.0,Bewertung zum Biege stift,"Genau so wie beschrieben.. ein perfektes Geschenk für die Einschulung oder soo.
einfach ein klassiker!",biege-bleistifte-set-mit-4-stk,https://www.jugglux.ch/kurioses-und-kultiges/kleinigkeiten-und-verspieltes/krimskrams/biege-bleistifte-set-mit-4-stk.html,https://www.jugglux.ch/media/image/77/08/02/biege-bleistifte-set-mit-4-stk-218067-38665_600x600.jpg
2019-04-11,11. April 2019,Bianca,4.0,Bewertung zum Tamagotchi,"JA da kommen Kindheits--Erinnerungen hoch.. leider ist die Beschriftung nicht auf deutsch und es sieht nicht sehr qualitativ aus... naja aber das macht der Preis wieder gut. wir haben es noch nicht getestet daher kann ich nicht mehr dazu sagen da es verschenkt wird.
-unser gerät ist orange.",tamagotchi-das-virtuelle-haustier,https://www.jugglux.ch/kurioses-und-kultiges/kleinigkeiten-und-verspieltes/krimskrams/tamagotchi-das-virtuelle-haustier.html,https://www.jugglux.ch/media/image/8f/5f/06/tamagotchi-das-virtuelle-haustier-219957-41646_600x600.jpg
2019-04-11,11. April 2019,Bianca,5.0,Bewertung zum Bubbleschwert,Ja genau so wie beschrieben hab eines bestellt die Farbe ist orange und der Griff Blau. es funktioniert und die Kinder freuen sich .,seifenblasenschwert-pustefix-das-bubbleschwert,https://www.jugglux.ch/kurioses-und-kultiges/seifenblasen-pustefix-und-zauberseife/pustefix-seifenblasen/seifenblasenschwert-pustefix-das-bubbleschwert.html,https://www.jugglux.ch/media/image/67/34/8c/Seifenblasenschwert-Pustefix-Das-Bubbleschwert-400164869381038191_600x600.jpg
2019-04-11,11. April 2019,Bianca,5.0,Bewertung zum Gummiball,"Na also der Artikel ist genau so wie Beschrieben, die Farben sind schön kräftig.. und er springt .:-)
der Versand wahr extrem schnell. super! habe 5 bestellt und pink,gelb und orange erhalten",gumpiball-color-3cm-glow-in-the-dark,https://www.jugglux.ch/kurioses-und-kultiges/kleinigkeiten-und-verspieltes/gumpi-baelle-und-flummis/gumpiball-color-3cm-glow-in-the-dark.html,https://www.jugglux.ch/media/image/8d/2d/74/gumpiball-neon-color-3cm-218535-42016_600x600.jpg
2018-07-30,30. Juli 2018,D'Amico,5.0,Diabolo Jazz das mittlere,Gutes Gewicht /Größe für Anfänger /Kinder,diabolo-jazz-violette-das-mittlere,https://www.jugglux.ch/jonglieren-und-artistik/diabolos-und-zubehoer/diabolos-fuer-kinder/diabolo-jazz/diabolo-jazz-violette-das-mittlere.html,https://www.jugglux.ch/media/image/8c/79/35/diabolo-jazz-violette-das-mittlere-233464-20295_600x600.jpg
2018-07-24,24. Juli 2018,David,5.0,Unterhaltsames kleines Geduldspiel,"Ein einfaches, günstiges Knobbelspiel, das sich gut für den Zeitvertreib zwischendurch eignet. Das gilt auch für alle anderen Mini Holz Geduldspiele von Bartl. Idealerweise hat man gleich eine Sammlung davon und so findet jeder etwas, das er noch nicht kennt.",der-indische-seiltrick-mini-holz-geduldspiel,https://www.jugglux.ch/spiele-und-geschenke/knobel-und-geduldspiele/mini-holz-geduldspiele/der-indische-seiltrick-mini-holz-geduldspiel.html,https://www.jugglux.ch/media/image/06/83/ba/der-indische-seiltrick-mini-holz-geduldspiel-221549-34354_600x600.jpg
2018-07-20,20. Juli 2018,Marianne Näf,4.0,Für Verliebte und andere Herzli-Fans,"Ein Blick durch die Herzlibrille lässt die Welt viel freundlicher aussehen. Wichtig ist: kleine Lichtpunkte suchen: Kerzen, glänzende Gegenstände oder die Auto-Rücklichter.",herzbrille-die-brille-mit-optischem-herzen-effekt,https://www.jugglux.ch/spiele-und-geschenke/fest-und-party-artikel/brillen-mit-optischem-effekt/herzbrille-die-brille-mit-optischem-herzen-effekt.html,https://www.jugglux.ch/media/image/8f/03/18/herzbrille-die-brille-mit-optischem-herzen-effekt-222076-36222_600x600.jpg
2018-07-12,12. Juli 2018,Weber,5.0,Tolle Gutscheinverpackung,"Sehr schöne Holzkiste, um einen Gutschein, Bargeld, Brief oder was auch immer originell zu verpacken.",trickkiste-aus-holz-geflammt,https://www.jugglux.ch/spiele-und-geschenke/knobel-und-geduldspiele/trickkisten/trickkiste-aus-holz-geflammt.html,https://www.jugglux.ch/media/image/6c/93/e5/trickkiste-aus-holz-geflammt-226225-37333_600x600.jpg
2018-07-10,10. Juli 2018,Pnishi,3.5,Bewertung Fun Ballon,"Der Ballon ist sehr schwer mit dem Mund aufzubauen zudem bekommt man leichte schwindelanfälle. Wen der Ballon aufgeblasen ist kann man sehr gut mit dem spielen. Es macht sehe spass und meine Nichten haben sehr Freude daran. Plus Punkt finde ich den Gunmihebel wo man den Finger stecken kann.
Nachteil am nächsten Morgen waren 2 Ballone wieder klein die Luft ging raus über die Nacht schade.
10 Punkte für die tollen Farben
4 Punkte leider fürs aufblasen
6 Punkte fü dass zwei Ballone die Luft über Nacht raus ging.
8 Punkte Das Produkt ist ein supper fun für die Kinder und ebenso für Erwachsene.",fun-ballon-glitter-aufblasbarer-bubble-ball,https://www.jugglux.ch/kurioses-und-kultiges/kleinigkeiten-und-verspieltes/gag-baelle-und-spezial-baelle/fun-ballon-glitter-aufblasbarer-bubble-ball.html,https://www.jugglux.ch/media/image/9a/66/b1/fun-ballon-glitter-aufblasbarer-bubble-ball-218050-38462_600x600.jpg
2018-07-10,10. Juli 2018,Hach,5.0,Bewertung,Das Swisstrimino Color kenne ich von meinem Arbeitsplatz. Es ist das Lieblings-spiel unserer Tagesgäste. Jetzt konnte ich nach längerem Suchen eines für mich und unsere Enkel kaufen. Das freut mich sehr. Das Produkt ist einwandfrei und der Service war super. Herzlichen Dank :-),swisstrimino-color-natur-steine,https://www.jugglux.ch/spiele-und-geschenke/knobel-und-geduldspiele/logikspiele/swisstrimino-color-natur-steine.html,https://www.jugglux.ch/media/image/1d/56/3e/swisstrimino-color-natur-steine-222626-36650_600x600.jpg
2018-07-09,9. Juli 2018,Sonja,5.0,Spannend,Perfekt zum knobeln und staunen. Sehr cool gestaltet.,50-optische-illusionen,https://www.jugglux.ch/experimente-und-magie/physikspiele-und-co/optisches-und-beobachten/50-optische-illusionen.html,https://www.jugglux.ch/media/image/79/ab/fb/50-optische-illusionen-230899-37620_600x600.jpg
2018-07-03,3. Juli 2018,Alise,5.0,Ideal für Pinata oder Tischbombe,,wattekugeln-mit-blasrohr,https://www.jugglux.ch/spiele-und-geschenke/fest-und-party-artikel/diverse-party-artikel/wattekugeln-mit-blasrohr.html,https://www.jugglux.ch/media/image/ff/b3/5a/wattekugeln-mit-blasrohr-220073-21492_600x600.jpg
2018-07-03,3. Juli 2018,Katharina,5.0,Toll,Gute Qualität. Toll zum spielen.,schaumstoff-wuerfel-color,https://www.jugglux.ch/spiele-und-geschenke/wuerfel-fuer-spiele/schaumstoff-wuerfel/schaumstoff-wuerfel-color.html,https://www.jugglux.ch/media/image/28/90/6d/schaumstoff-wurfel-color-222062-36100_600x600.jpg
2018-07-02,2. Juli 2018,Cristina,5.0,Lustiges Geburtstagsgeschenk! :-),,daumenkino-alles-gute,https://www.jugglux.ch/spiele-und-geschenke/geschenkideen/daumenkino/daumenkino-alles-gute.html,https://www.jugglux.ch/media/image/31/a2/95/daumenkino-alles-gute-229601-30545_600x600.gif
2018-07-02,2. Juli 2018,Cristina,5.0,"Einfach lustig, das perfekte Geburigeschenk!",,daumenkino-viel-glueck,https://www.jugglux.ch/spiele-und-geschenke/geschenkideen/daumenkino/daumenkino-viel-glueck.html,https://www.jugglux.ch/media/image/22/a2/b7/daumenkino-viel-gluck-225093-41473_600x600.jpg
2018-06-28,28. Juni 2018,nurya egger,5.0,sehr schönes spiel,"optisch sehr toll, schön anzufassen und unendlich viele möglichkeiten... ich habs meiner tochter anlässlich eines spital-aufenthalts geschenkt und sie liebts!",dynacube-das-3-dimensionales-puzzle,https://www.jugglux.ch/spiele-und-geschenke/knobel-und-geduldspiele/rubiks-cube-und-zauberwuerfel/dynacube-das-3-dimensionales-puzzle.html,https://www.jugglux.ch/media/image/a1/3c/79/41137_600x600.jpg
2018-06-25,25. Juni 2018,Reto Vollmer,5.0,"4 Jonglierbälle ""Primary Beanbag 130g - 4farbig""","Jonglierbälle sind sehr angenehm und handlich, ideales Gewicht - hoffe, dass Aussenschicht robust ist und lange halt.",primary-beanbag-130g-4farbig-gruen-rot-blau-gelb,https://www.jugglux.ch/jonglieren-und-artistik/baelle-zum-jonglieren/jonglierbaelle-zum-trainieren/jonglierball-beanbag-130g/primary-beanbag-130g-4farbig-gruen-rot-blau-gelb.html,https://www.jugglux.ch/media/image/5c/4f/01/primary-beanbag-130g-4farbig-grun-rot-blau-gelb-2337-20568_600x600.jpg
2018-06-25,25. Juni 2018,Reto Vollmer,5.0,Guter Kauf / Harlekin mittel - gel-schwarz,"Da ich unsicher war, welches Diabolo das richtige für meinen Sohn (8 Jahre, Anfänger) ist, habe ich vor dem Kauf kurz angerufen. Top Beratung (freundlich, fair, kompetent). Jederzeit wieder!! Superschnelle Lieferung!! TOP!!",diabolo-harlekin-mittel-gelb-schwarz,https://www.jugglux.ch/jonglieren-und-artistik/diabolos-und-zubehoer/diabolos-fuer-kinder/diabolo-harlekin-mittel/diabolo-harlekin-mittel-gelb-schwarz.html,https://www.jugglux.ch/media/image/1d/69/3e/diabolo-harlekin-mittel-gelb-schwarz-234970-38803_600x600.jpg
2018-06-22,22. Juni 2018,Thomas S.,4.0,Gute Qualität,"Gute Verarbeitung und Qualität. Zu grosses Keflarkissen zum Feuerschlucken.
Beim Produkt wären Massangaben ein Vorteil.",spitfire-stick-zum-feuerspucken-henrys,https://www.jugglux.ch/jonglieren-und-artistik/feuerartikel-und-zubehoer/artikel-zum-feuerspucken/spitfire-stick-zum-feuerspucken-henrys.html,https://www.jugglux.ch/media/image/d7/e7/6f/spitfire-stick-zum-feuerspucken-henrys-233590-20451_600x600.jpg
2018-06-22,22. Juni 2018,Thomas S.,4.0,"teuer, aber ein gutes Produkt","Im vergleich zu gereinigtem Betrol im brennverhalten sehr ähnlich, aber geschmacklich um einiges besser. leider einwenig teuer.",pyrofluid-fs-1-liter-zum-feuerspucken-safex,https://www.jugglux.ch/jonglieren-und-artistik/feuerartikel-und-zubehoer/artikel-zum-feuerspucken/pyrofluid-fs-1-liter-zum-feuerspucken-safex.html,https://www.jugglux.ch/media/image/d6/06/77/Pyrofluid-FS-1-Liter-zum-Feuerspucken-SAFEX-7700000204431_600x600.jpg
2018-06-19,19. Juni 2018,Marc Wolf,3.5,Carambole Brett,"Ein sehr schönes Brett, und sehr prompte Lieferung.
Leider ist die Spielscheibe nicht eben ich musste für ersatz sorgen. Für den stolzen Preis von 269.- hätte ich erwartet dass die Schablone und je ein ersatz Stein inbegriffen sei..... desswegen nur eine 7.
Bin aber sonst sehr zufrieden.",carambole-brett-standard,https://www.jugglux.ch/spiele-und-geschenke/gesellschaftsspiele/carambole-brett-und-zubehoer/carambole-brett-standard.html,https://www.jugglux.ch/media/image/8e/31/24/carambole-brett-standard-221377-34224_600x600.jpg
2018-06-18,18. Juni 2018,Chr. Meier,5.0,Sehr ergibig,Perfektes Mittel um für Fotoeffekte Rauch zu erzeugen. Gut zu dosieren.,rauchpulver-1kg-weiss,https://www.jugglux.ch/schminke-und-buehne/spezialeffekte-und-requisiten/buehnentechnik-und-effekte/rauchpulver-1kg-weiss.html,https://www.jugglux.ch/media/image/02/a9/c3/rauchpulver-1kg-weiss-215938-33062_600x600.jpg
2018-06-17,17. Juni 2018,Mirjam Schmid,5.0,Diabolo Vision,Schönes und tolles Diabolo für Kinder und Jugendliche!,diabolo-vision-gruen,https://www.jugglux.ch/jonglieren-und-artistik/diabolos-und-zubehoer/diabolos-fuer-kinder/diabolo-vision/diabolo-vision-gruen.html,https://www.jugglux.ch/media/image/a4/77/c0/diabolo-vision-grun-234157-31540_600x600.jpg
2018-06-16,16. Juni 2018,Andre Brandes,5.0,Toll,"Ich bin mit dem Staff sehr zufrieden, gut ausbalanciert und liegt auch gut in der Hand.",contact-staff-150cm-feuerstab-von-gora,https://www.jugglux.ch/jonglieren-und-artistik/feuerartikel-und-zubehoer/fire-staff/contact-staff-150cm-feuerstab-von-gora.html,https://www.jugglux.ch/media/image/5d/a4/d3/Contact-Staff-150cm_600x600.jpg
2018-06-15,15. Juni 2018,inge,5.0,"super Hüpfball, Kids creuen sich extrem!!!",,flummi-smile-klar,https://www.jugglux.ch/kurioses-und-kultiges/kleinigkeiten-und-verspieltes/gumpi-baelle-und-flummis/flummi-smile-klar.html,https://www.jugglux.ch/media/image/e9/68/98/flummi-smile-klar-217807-36473_600x600.jpg
2018-06-14,14. Juni 2018,I. Bösiger,5.0,Bravo Lunastick,Gute Qualität,bravo-lunastick-eclipse-berlin-orange,https://www.jugglux.ch/jonglieren-und-artistik/flowersticks-devilsticks-buugeng/lunastix-und-flowersticks/bravo-lunastick-eclipse-berlin-orange.html,https://www.jugglux.ch/media/image/e9/3e/de/bravo-lunastick-eclipse-berlin-orange-234929-38477_600x600.jpg
2018-06-13,13. Juni 2018,Marco ZUrkirche,5.0,Inteligente Knete,"Tochter ist mega glücklich, pefekter Artikel",intelligente-knete-zwielicht-aendert-die-farbe,https://www.jugglux.ch/kurioses-und-kultiges/kleinigkeiten-und-verspieltes/intelligente-knete/intelligente-knete-zwielicht-aendert-die-farbe.html,https://www.jugglux.ch/media/image/14/14/c9/intelligente-knete-zwielicht-andert-die-farbe-217007-33714_600x600.jpg
2018-06-07,7. Juni 2018,Schultheater,5.0,Super spray,"Der Spray war am nächsten Tag da, die Mitarbeiter sehr zuvorkommend. Besten Dank",silber,https://www.jugglux.ch/schminke-und-buehne/schminke-und-makeup/haarspray/farbiger-haarspray-grau/silber.html,https://www.jugglux.ch/media/image/2c/cc/11/farbiger-haarspray-grau-silber-215956-34509_600x600.jpg
2018-06-05,5. Juni 2018,Michael Graf,5.0,Super,Tadellose Qualität.,scopa-karten-napoletanische-spielkarten,https://www.jugglux.ch/spiele-und-geschenke/kartenspiele/scopa-karten/scopa-karten-napoletanische-spielkarten.html,https://www.jugglux.ch/media/image/85/32/5c/scopa-karten-napoletanische-spielkarten-220722-32393_600x600.jpg
2018-06-03,3. Juni 2018,Helena Boller,5.0,Bewertung,"Sehr prompte Zustellung! Kompliment. Es ist ein Geburtstagsgeschenk - pünktlich da :)
Die Versandgebühren wären niedriger von Vorteil. Freundlichst hb",magic-wheel-easy-windrad,https://www.jugglux.ch/outdoor-und-freizeit/windspiele/windspiele-windraeder/magic-wheel-easy-windrad.html,https://www.jugglux.ch/media/image/08/93/1d/magic-wheel-easy-235723-20990_600x600.jpg
2018-06-02,2. Juni 2018,Müller Andreas,5.0,Hot Air Balloon Twist Sunrise - Windspiel,Danke für die rasche Zustellung.,hot-air-balloon-twist-sunrise-windspiel,https://www.jugglux.ch/outdoor-und-freizeit/windspiele/windspiele-spiralen/hot-air-balloon-twist-sunrise-windspiel.html,https://www.jugglux.ch/media/image/dd/47/88/hot-air-balloon-twist-sunrise-windspiel-237839-21635_600x600.jpg
2018-04-26,26. April 2018,Danja,1.0,Ungenügend,Preis / Leistung ungenügend. Dreht nicht schön im Winde.,magic-wheel-triple-windrad,https://www.jugglux.ch/outdoor-und-freizeit/windspiele/windspiele-windraeder/magic-wheel-triple-windrad.html,https://www.jugglux.ch/media/image/de/28/27/magic-wheel-triple-235725-20992_600x600.jpg
2018-04-25,25. April 2018,Benetti,4.0,Beste Erinnerungen an meine Schulzeit,"Auch wenn dies nicht mehr der Herstellung von entspricht, bin ich sehr zufrieden!",zahlen-schiebepuzzle,https://www.jugglux.ch/spiele-und-geschenke/knobel-und-geduldspiele/diverse-geduldspiele/zahlen-schiebepuzzle.html,https://www.jugglux.ch/media/image/0c/e9/1d/zahlen-schiebepuzzle-229703-30467_600x600.jpg
2018-04-24,24. April 2018,Benetti,4.0,Beste Erinnerungen an meine Schulzeit,"Auch wenn es nicht mehr aus dem gleichen Material hergestellt ist, habe ich und meine Schüler viel Spass damit!",zahlen-schiebepuzzle,https://www.jugglux.ch/spiele-und-geschenke/knobel-und-geduldspiele/diverse-geduldspiele/zahlen-schiebepuzzle.html,https://www.jugglux.ch/media/image/0c/e9/1d/zahlen-schiebepuzzle-229703-30467_600x600.jpg
2018-04-24,24. April 2018,Martin Kupferschmid,5.0,Feuerhut,"Sehr zufrieden, guter Service",feuer-hut-groesse-m,https://www.jugglux.ch/jonglieren-und-artistik/feuerartikel-und-zubehoer/feuer-specials/feuer-hut-groesse-m.html,https://www.jugglux.ch/media/image/04/5f/86/feuer-hut-grosse-m-234308-32800_600x600.jpg
2018-04-23,23. April 2018,Urs Lischer,5.0,Schleimi wie früher...,Schnell und unkompliziert geliefert!,slimy-mini-der-original-schleim-schlabber,https://www.jugglux.ch/kurioses-und-kultiges/kleinigkeiten-und-verspieltes/flutschie-schleimi-und-klebriges/slimy-mini-der-original-schleim-schlabber.html,https://www.jugglux.ch/media/image/45/81/9c/slimy-mini-der-original-schleim-schlabber-217789-36307_600x600.jpg
2018-04-22,22. April 2018,Marti,5.0,Pyraminx,,meffert-s-pyraminx,https://www.jugglux.ch/spiele-und-geschenke/knobel-und-geduldspiele/rubiks-cube-und-zauberwuerfel/meffert-s-pyraminx.html,https://www.jugglux.ch/media/image/5f/16/77/meffert-s-pyraminx-221732-35040_600x600.jpg
2018-04-22,22. April 2018,Andrea,4.5,Macht Spass damit zu spielen,,kunststoffspirale-regenbogen-gross,https://www.jugglux.ch/kurioses-und-kultiges/kleinigkeiten-und-verspieltes/slinky-metallspirale/kunststoffspirale-regenbogen-gross.html,https://www.jugglux.ch/media/image/af/f6/3f/kunststoffspirale-regenbogen-gross-217870-37346_600x600.jpg
2017-07-27,27. Juli 2017,Niklaus Jäger,5.0,super zum anfangen,"Sehr gutes Yoyo
Ideal um vom Kaugummiautomaten-yoyo auf ein richtiges umzusteigen.",henrys-cobra-schwarz-gelb,https://www.jugglux.ch/outdoor-und-freizeit/yoyo-shop/freilauf-yoyos/henrys-cobra-schwarz-gelb.html,https://www.jugglux.ch/media/image/85/57/21/henrys-cobra-schwarz-gelb-236429-35151_600x600.jpg
2017-07-27,27. Juli 2017,Niklaus Jäger,5.0,super zum anfangen,Gefällt mir sehr durch seine Modularität und das Zubehör das man dazukaufen kann.,yoyofactory-dv888-starter-schwarz,https://www.jugglux.ch/outdoor-und-freizeit/yoyo-shop/kugellager-alu-yoyoys/yoyofactory-dv888-starter-schwarz.html,https://www.jugglux.ch/media/image/8d/e8/70/Yoyofactory-DV888-Starter-Schwarz-426024352001736792_600x600.jpg
2017-07-22,22. Juli 2017,Mirax,2.0,billig,schade dass einzelne Töne grausam scherbeln,tinkle-tonk-musikdose-la-valse-d-amelie,https://www.jugglux.ch/kurioses-und-kultiges/musikdosen-und-instrumente/filmmusik-melodiedosen/tinkle-tonk-musikdose-la-valse-d-amelie.html,https://www.jugglux.ch/media/image/0c/50/15/tinkle-tonk-musikdose-la-valse-d-amelie-216959-36096_600x600.jpg
2017-07-18,18. Juli 2017,René Joos,4.5,Der Hanf des Verderbens,Toller unkomplizierter Service,krimitotal-der-hanf-des-verderbens,https://www.jugglux.ch/spiele-und-geschenke/kartenspiele/krimi-total/krimitotal-der-hanf-des-verderbens.html,https://www.jugglux.ch/media/image/54/a3/99/krimitotal-der-hanf-des-verderbens-222670-36757_600x600.jpg
2017-07-17,17. Juli 2017,Liliane Stump,5.0,"promte Lieferun, nette und kompetente telefonauskunft,",PreisLeistungsverhältnis ok,spielwuerfel-mit-10-flaechen-weiss-mit-schwarzen-ziffern-0-9,https://www.jugglux.ch/spiele-und-geschenke/wuerfel-fuer-spiele/wuerfel-mit-10-flaechen/spielwuerfel-mit-10-flaechen-weiss-mit-schwarzen-ziffern-0-9.html,https://www.jugglux.ch/media/image/9a/7f/80/spielwurfel-mit-10-flachen-weiss-mit-schwarzen-ziffern-0-9-38049_600x600.jpg
2017-07-16,16. Juli 2017,gabriela,5.0,rückenkratzer aus holz,ich werde dieses teil zweckentfremden - für ein spezielles katzenspielzeug ;),rueckenkratzer-aus-holz,https://www.jugglux.ch/kurioses-und-kultiges/kleinigkeiten-und-verspieltes/beruehren-und-fuehlen/rueckenkratzer-aus-holz.html,https://www.jugglux.ch/media/image/16/c7/35/ruckenkratzer-aus-holz-217155-34399_600x600.jpg
2017-07-12,12. Juli 2017,Teller Lev,3.0,Rückenkratzer mit Schuhlöfel,ist mir zu steif sonst ist er gut,rueckenkratzer-und-schuhloeffel-in-einem,https://www.jugglux.ch/kurioses-und-kultiges/kleinigkeiten-und-verspieltes/beruehren-und-fuehlen/rueckenkratzer-und-schuhloeffel-in-einem.html,https://www.jugglux.ch/media/image/32/10/4b/ruckenkratzer-und-schuhloffel-in-einem-218106-39168_600x600.jpg
2017-07-10,10. Juli 2017,J. Weiss,5.0,Schön,"Abbildungsgemäss gefärbt, weich, die Oberfläche auch im Relief dem echten Tier etwas nachempfunden statt nur bemalt und ungefähr 1.5cm gross ist diese Schilfkröte ausgesprochen schön für ihren Preis",gluecksbringer-mini-wasser-schildkroete,https://www.jugglux.ch/spiele-und-geschenke/geschenkideen/mini-gluecksbringer/gluecksbringer-mini-wasser-schildkroete.html,https://www.jugglux.ch/media/image/af/55/3a/glucksbringer-mini-wasser-schildkrote-222030-35958_600x600.jpg
2017-07-10,10. Juli 2017,J. Weiss,2.5,Schade,"Leider sind unter all den Spielen weder PacMan noch Tetris auffindbar, auch wenn es tatsächlich unheimlich viele nach Kategorien sortierte Spiele gibt. Auch sollen laut der Sicherheitshinweise keine wiederaufladbaren Batterien verwendet werden, was lästig ist, und der Batteriefachdeckel muss an- und abgeschraubt werden. Sehr schade, die Idee einer Mini-Arcade-Maschine ist bezaubernd, und die Spielsteuerung nicht immer einfach, wie angeblich beim Original auch. Der Sound ist einfach auf drei Stufen und lautlos regelbar. Wirklich schade, dass es keinen Klapp- oder Schiebedeckel für das Batteriefach gibt, das Objekt wäre gross genug dafür.",mini-arcade-machine-mit-240-spielen,https://www.jugglux.ch/spiele-und-geschenke/geschenkideen/freche-geschenke/mini-arcade-machine-mit-240-spielen.html,https://www.jugglux.ch/media/image/82/08/96/mini-arcade-machine-mit-240-spielen-224132-39779_600x600.jpg
2017-07-10,10. Juli 2017,J. Weiss,5.0,Abbildungsgemäss,"Exakt das gewünschte Exemplar (unter Farbwunsch angegeben) wurde geliefert und ist ausgesprochen niedlich, ungefähr handtellergross und ein einfaches Spielzeug.",schmetterling-drachen-minidrachen,https://www.jugglux.ch/outdoor-und-freizeit/drachen-und-zubehoer/kinderdrachen/schmetterling-drachen-minidrachen.html,https://www.jugglux.ch/media/image/39/fa/19/schmetterling-drachen-minidrachen-237365-39468_600x600.jpg
2017-07-09,9. Juli 2017,Nathan,5.0,"Perfekt, auch auf Goa Partys","Perfekte länge, gutes design und sehr schönes material.",flowerstick-kakadou-uv-glow-goastab-50cm,https://www.jugglux.ch/jonglieren-und-artistik/flowersticks-devilsticks-buugeng/lunastix-und-flowersticks/flowerstick-kakadou-uv-glow-goastab-50cm.html,https://www.jugglux.ch/media/image/1f/b4/4c/flowerstick-kakadou-uv-glow-goastab-50cm-234529-35066_600x600.jpg
2017-07-04,4. Juli 2017,Schulhaus Rietacker,5.0,"top Qualität, schnellste Lieferung",,wuerfel-mit-deutschen-pronomen-ich-du-er-sie-es-wir,https://www.jugglux.ch/spiele-und-geschenke/wuerfel-fuer-spiele/sprachwuerfel/wuerfel-mit-deutschen-pronomen-ich-du-er-sie-es-wir.html,https://www.jugglux.ch/media/image/02/12/bc/wurfel-mit-deutschen-pronomen-ich-du-er-sie-es-wir-22-38066_600x600.jpg
2017-07-04,4. Juli 2017,Schulhaus Rietacker,5.0,"top Qualität, schnellste Lieferung",,spielwuerfel-mit-20-flaechen-opaque,https://www.jugglux.ch/spiele-und-geschenke/wuerfel-fuer-spiele/wuerfel-mit-20-flaechen/spielwuerfel-mit-20-flaechen-opaque.html,https://www.jugglux.ch/media/image/de/e3/05/spielwurfel-mit-20-flachen-opaque-223249-38074_600x600.png
2017-07-04,4. Juli 2017,Schule Rietacker,5.0,"top Qualität, schnellste Lieferung",,spielfiguren-aus-holz-farbig-24mm-120-stk,https://www.jugglux.ch/spiele-und-geschenke/spielmaterial/spielfiguren-halmakegel/spielfiguren-aus-holz-farbig-24mm-120-stk.html,https://www.jugglux.ch/media/image/d8/a1/1c/spielfiguren-aus-holz-farbig-25mm-120-stk-220238-30389_600x600.jpg
2017-07-03,3. Juli 2017,Schulhaus Seefeld,4.5,Würfel,"zwar etwas klein, aber in schönen Farben und innert 48 SStunden geliefert",set-mit-100-spielwuerfeln-groesse-12mm,https://www.jugglux.ch/spiele-und-geschenke/wuerfel-fuer-spiele/wuerfel-mit-6-flaechen/set-mit-100-spielwuerfeln-groesse-12mm.html,https://www.jugglux.ch/media/image/7d/82/81/set-mit-100-spielwurfeln-grosse-12mm-223192-38052_600x600.jpg
2017-07-03,3. Juli 2017,Schulhaus Seefeld,5.0,"Sehr schnelle Lieferung, ausgezeichnete Qualität und Farben",,spielfiguren-aus-holz-farbig-24mm-120-stk,https://www.jugglux.ch/spiele-und-geschenke/spielmaterial/spielfiguren-halmakegel/spielfiguren-aus-holz-farbig-24mm-120-stk.html,https://www.jugglux.ch/media/image/d8/a1/1c/spielfiguren-aus-holz-farbig-25mm-120-stk-220238-30389_600x600.jpg
2017-06-28,28. Juni 2017,Selwold,5.0,Sehr gut!,"Die Lösung habe ich noch nicht entdeckt, aber der Artikel trifft meine Erwartungen.",cast-level-4-hexagon,https://www.jugglux.ch/spiele-und-geschenke/knobel-und-geduldspiele/cast-knobelspiele-metall/cast-level-4-hexagon.html,https://www.jugglux.ch/media/image/98/e6/d4/cast-level-4-hexagon-224149-39791_600x600.jpg
2017-06-27,27. Juni 2017,Sandra Ott Hüsler,5.0,sehr gut,Wir (4-köpfige Familie) sind sehr zufrieden mit diesem Jonglierball. Wir sind alle Anfänger :-),jonglierball-beanbag-110g-blau-uni,https://www.jugglux.ch/jonglieren-und-artistik/baelle-zum-jonglieren/jonglierbaelle-zum-trainieren/jonglierball-beanbag-110g/jonglierball-beanbag-110g-blau-uni.html,https://www.jugglux.ch/media/image/c9/af/3f/jonglierball-beanbag-110g-blau-uni-233608-20475_600x600.jpg
2017-06-27,27. Juni 2017,Sandra Ott Hüsler,5.0,sehr gut,Wir (4-köpfige Familie) sind sehr zufrieden mit diesem Jonglierball. Wir sind alle Anfänger :-),jonglierball-beanbag-110g-gelb-uni,https://www.jugglux.ch/jonglieren-und-artistik/baelle-zum-jonglieren/jonglierbaelle-zum-trainieren/jonglierball-beanbag-110g/jonglierball-beanbag-110g-gelb-uni.html,https://www.jugglux.ch/media/image/4b/6d/e6/jonglierball-beanbag-110g-gelb-uni-233610-20477_600x600.jpg
2017-06-27,27. Juni 2017,Sandra Ott Hüsler,5.0,sehr gut,Wir (4-köpfige Familie) sind sehr zufrieden mit diesem Jonglierball. Wir sind alle Anfänger :-),jonglierball-beanbag-110g-gruen-uni,https://www.jugglux.ch/jonglieren-und-artistik/baelle-zum-jonglieren/jonglierbaelle-zum-trainieren/jonglierball-beanbag-110g/jonglierball-beanbag-110g-gruen-uni.html,https://www.jugglux.ch/media/image/53/a7/2d/jonglierball-beanbag-110g-grun-uni-233612-20479_600x600.jpg
2017-06-27,27. Juni 2017,Sandra Ott Hüsler,5.0,sehr gut,Wir (4-köpfige Familie) sind sehr zufrieden mit diesem Jonglierball. Wir sind alle Anfänger :-),jonglierball-beanbag-110g-gelb-mit-schwarz,https://www.jugglux.ch/jonglieren-und-artistik/baelle-zum-jonglieren/jonglierbaelle-zum-trainieren/jonglierball-beanbag-110g/jonglierball-beanbag-110g-gelb-mit-schwarz.html,https://www.jugglux.ch/media/image/0e/86/e0/jonglierball-beanbag-110g-gelb-mit-schwarz-233609-20476_600x600.jpg
2017-06-27,27. Juni 2017,Sandra Ott Hüsler,5.0,sehr gut,Wir (4-köpfige Familie) sind sehr zufrieden mit diesem Jonglierball. Wir sind alle Anfänger :-),jonglierball-beanbag-110g-gruen-mit-schwarz,https://www.jugglux.ch/jonglieren-und-artistik/baelle-zum-jonglieren/jonglierbaelle-zum-trainieren/jonglierball-beanbag-110g/jonglierball-beanbag-110g-gruen-mit-schwarz.html,https://www.jugglux.ch/media/image/00/2c/6c/jonglierball-beanbag-110g-grun-mit-schwarz-233611-20478_600x600.jpg
2017-06-27,27. Juni 2017,Sandra Ott Hüsler,5.0,sehr gut,Wir (4-köpfige Familie) sind sehr zufrieden mit diesem Jonglierball. Wir sind alle Anfänger :-),jonglierball-beanbag-110g-orange-mit-schwarz,https://www.jugglux.ch/jonglieren-und-artistik/baelle-zum-jonglieren/jonglierbaelle-zum-trainieren/jonglierball-beanbag-110g/jonglierball-beanbag-110g-orange-mit-schwarz.html,https://www.jugglux.ch/media/image/f3/fd/c0/jonglierball-beanbag-110g-orange-mit-schwarz-233613-20480_600x600.jpg
2017-06-20,20. Juni 2017,Peter Holliger,5.0,Teufelsknoten,Sehr gute Beratung und einwandfreier Service. Das Produkt entspricht meinen Vorstellung und ist in einem guten Preis-Leistungsverhältnis.,der-teufelsknoten-mini-holz-geduldspiel,https://www.jugglux.ch/spiele-und-geschenke/knobel-und-geduldspiele/mini-holz-geduldspiele/der-teufelsknoten-mini-holz-geduldspiel.html,https://www.jugglux.ch/media/image/d9/b8/ee/der-teufelsknoten-mini-holz-geduldspiel-221454-34284_600x600.jpg
2017-06-17,17. Juni 2017,ottiger agi,5.0,Wurfbeutel,Die FArben sind so schön und leuchtend das Jonglieren funktioniert bestens es hat mich gerade animiert noch ein par solche Beutel selber zu nähen,wurfbeutel-set-mit-3-stk,https://www.jugglux.ch/kurioses-und-kultiges/kleinigkeiten-und-verspieltes/gag-baelle-und-spezial-baelle/wurfbeutel-set-mit-3-stk.html,https://www.jugglux.ch/media/image/f5/78/5c/wurfbeutel-set-mit-3-stk-218055-38538_600x600.jpg
2017-06-17,17. Juni 2017,ottiger agi,5.0,handstäbe devilstik,alles tip top,devilstick-handstaebe-14mm-pink,https://www.jugglux.ch/jonglieren-und-artistik/flowersticks-devilsticks-buugeng/zubehoer-und-handstaebe/devilstick-handstaebe-14mm-pink.html,https://www.jugglux.ch/media/image/05/32/45/devilstick-handstabe-14mm-pink-233413-20223_600x600.jpg
2017-06-17,17. Juni 2017,Vivienne,5.0,Addict-A-Ball,Spielspass für Gross und Klein,labyrinth-ball-addict-a-ball-20cm,https://www.jugglux.ch/spiele-und-geschenke/knobel-und-geduldspiele/3d-kugel-labyrinth/labyrinth-ball-addict-a-ball-20cm.html,https://www.jugglux.ch/media/image/e5/bc/5c/unbekannt-85oL_600x600.jpg
2017-06-12,12. Juni 2017,Beat Dähler,5.0,Die Erwartungen erfüllt,,tortenfontaene-xl-zaubersterne-4-stk,https://www.jugglux.ch/spiele-und-geschenke/fest-und-party-artikel/zaubersterne-tortenfontaenen/tortenfontaene-xl-zaubersterne-4-stk.html,https://www.jugglux.ch/media/image/3d/f3/8d/tortenfontane-xl-zaubersterne-4-stk-221733-35049_600x600.jpg
2017-06-05,5. Juni 2017,Frey,5.0,Toll,"Alle Teile vorhanden und in guter Ausführung. Anleitung sehr verständlich, so dass unsere Tochter das Modell eigenständig zusammenbauen konnte.",leonardo-davinci-helikopter-holzbausatz,https://www.jugglux.ch/experimente-und-magie/mechanische-holzbausaetze/leonardo-davinci-holz-bausaetze/leonardo-davinci-helikopter-holzbausatz.html,https://www.jugglux.ch/media/image/55/c8/e0/leonardo-davinci-helikopter-holzbausatz-230478-34147_600x600.jpg
2017-06-02,2. Juni 2017,Merz,2.5,Ringtrick Schwuppdiwupp,bis jetzt hab ich den trick noch nicht geschafft...dachte es sei einfacher......hab nochmals das video angeschaut vielleicht geht es zweihändig wirklich besser.......,ringtrick-schwuppdiwupp,https://www.jugglux.ch/experimente-und-magie/zauberartikel-shop/zaubertricks-mittel/ringtrick-schwuppdiwupp.html,https://www.jugglux.ch/media/image/ed/fc/97/ringtrick-schwuppdiwupp-231210-39264_600x600.jpg
2017-06-02,2. Juni 2017,Bea,5.0,Wunderschön,"Wunderschön bemalt, fast schade zum Werfen, funktioniert aber einwandfrei",dreifluegler-bumerang-maya,https://www.jugglux.ch/outdoor-und-freizeit/frisbee-und-bumerang/wallaby-boomerangs/dreifluegler-bumerang-maya.html,https://www.jugglux.ch/media/image/42/ff/4f/dreiflugler-bumerang-maya-236606-36631_600x600.jpg
2017-06-02,2. Juni 2017,Bea Caduff,5.0,Trend,"Ein mehr an einen Wurfstern erinnernder Fidget Spinner, funktioniert aber wie alle anderen auch. Voll im Trend! Wir waren happy, noch so einen zu kriegen, nachdem die Dinger überall ausverkauft waren...",finger-kreisel-finger-spinner-colors,https://www.jugglux.ch/outdoor-und-freizeit/fidget-toys/fidget-spinner/finger-kreisel-finger-spinner-colors.html,https://www.jugglux.ch/media/image/27/67/8c/unbekannt-dybN_600x600.jpg
2017-04-29,29. April 2017,Weber,4.0,Sehr lange anhaltender Knobelspass,"Das ist wirklich ein Klassiker, der lange Zeit für Unterhaltung sorgt. Dieses Modell ist eher klein, die Grössenunterschiede der Ringe deshalb nicht sehr gross, was für Leute mit Sehschwäche nicht gut geeignet ist. Für alle anderen ist das aber kein Problem.
Bei meiner Lieferung war leider eine Ringgrösse falsch / doppelt, was aber wohl noch in Garantie ersetzt wird.
Aber im Ganzen gesehen für diesen Preis ein sehr gutes und unterhaltsames Produkt.",raetselhafter-turm-die-tuerme-von-hanoi,https://www.jugglux.ch/spiele-und-geschenke/knobel-und-geduldspiele/geduldspiele-aus-holz/raetselhafter-turm-die-tuerme-von-hanoi.html,https://www.jugglux.ch/media/image/bb/b1/13/ratselhafter-turm-die-turme-von-hanoi-223513-38595_600x600.jpg
2017-04-29,29. April 2017,Weber,4.0,"Interessant, klein und fein.","Das ist eine eher kleine Version dieses Pendels. D.h. der typische Vorgang läuft sich nach 2-3 Ausschlägen recht schnell aus. Die Verarbeitung sieht gut aus, die Spiegelfläche wirkt optisch sehr schön. Für diesen Preis kann man das gut als Einsteigermodell bezeichnen. Wer aber längere Zeit zuschauen will, muss grössere Modelle mit schwereren Kugeln kaufen.",kugelspiel-mit-spiegelsockel-newton-pendel,https://www.jugglux.ch/experimente-und-magie/physikspiele-und-co/diverse-physikalische-spiele/kugelspiel-mit-spiegelsockel-newton-pendel.html,https://www.jugglux.ch/media/image/56/f2/64/kugelspiel-mit-spiegelsockel-newton-pendel-230602-35222_600x600.jpg
2017-04-29,29. April 2017,Weber,4.0,Gut und presigünstig,"Gut und preisgünstig. Funktioniert einwandfrei. Immer wieder schön, die erstaunten Gesichter zu sehen, die sich wundern, warum er nicht runterfällt! Für diesen Preis gibt es nichts zu meckern.",schwebeadler,https://www.jugglux.ch/experimente-und-magie/physikspiele-und-co/optisches-und-beobachten/schwebeadler.html,https://www.jugglux.ch/media/image/6d/a4/5d/schwebeadler-230559-34742_600x600.jpg
2017-04-22,22. April 2017,Patrick Menzi,5.0,Perfekt...,"... Wunderschöne Spielkarten in einer Top - Qualität, weiter so...",scopa-karten-napoletanische-spielkarten,https://www.jugglux.ch/spiele-und-geschenke/kartenspiele/scopa-karten/scopa-karten-napoletanische-spielkarten.html,https://www.jugglux.ch/media/image/85/32/5c/scopa-karten-napoletanische-spielkarten-220722-32393_600x600.jpg
2017-04-18,18. April 2017,Yvonne Gorgi,3.0,Omas,"Kippt, aber zum schenken dä Hammer",zwei-grossmuetter-mit-rollator-racing-grannies-zum-aufziehen,https://www.jugglux.ch/kurioses-und-kultiges/aufzieh-objekte/aufzieh-objekte-aus-kunststoff/zwei-grossmuetter-mit-rollator-racing-grannies-zum-aufziehen.html,https://www.jugglux.ch/media/image/4b/79/4d/zwei-grossmutter-mit-rollator-racing-grannies-zum-aufziehen-38871_600x600.jpg
2017-04-17,17. April 2017,Doris,5.0,Cooles Spielzeug,,flummi-mit-schleifenschweif,https://www.jugglux.ch/kurioses-und-kultiges/kleinigkeiten-und-verspieltes/gumpi-baelle-und-flummis/flummi-mit-schleifenschweif.html,https://www.jugglux.ch/media/image/29/74/6f/flummi-mit-schleifenschweif-216580-21438_600x600.jpg
2017-04-17,17. April 2017,Doris,1.5,Spassig aber beim intensiven Gebrauch gerissen.,"Zuerst ist die Schlaufe abgerissen und dann auch noch der ganze harte Ringteil, sodass die ganze Luft raus ging. Leider nicht flickbar.",fun-ballon-aufblasbarer-bubble-ball,https://www.jugglux.ch/kurioses-und-kultiges/kleinigkeiten-und-verspieltes/gag-baelle-und-spezial-baelle/fun-ballon-aufblasbarer-bubble-ball.html,https://www.jugglux.ch/media/image/0a/1f/c4/fun-ballon-aufblasbarer-bubble-ball-218048-38461_600x600.jpg
2017-04-12,12. April 2017,Rainer Andres,5.0,Grösser und praktischer als gedacht!,"Der Anker ist grösser als erwartet, er ist etwa 25 cm lang, aus massivem Stahl. Er kommt mit einem sehr praktischen Etui mit Gürtelschnalle und ist damit beim Kiten nicht im Weg. Der Griff ist gerade richtig in der Grösse, dass die Schnüre der Hand- oder Fingerschlaufen gut drüber passen. Ich bin begeistert vom Preis-Leistungsverhältnis. Das Ding leistet mir als Anfänger gute Dienste wenn's heftiger luftet.",groundstake-bodenanker-fuer-kites,https://www.jugglux.ch/outdoor-und-freizeit/drachen-und-zubehoer/zubehoer-fuer-drachen/schnur-baender-und-griffe/groundstake-bodenanker-fuer-kites.html,https://www.jugglux.ch/media/image/68/96/20/groundstake-bodenanker-fur-kites-236103-32727_600x600.jpg
2017-04-11,11. April 2017,Ezeta,3.5,Grün statt schwarz,"Stäber sind super, leider in schwarz bestellt (beweis Bewertungslink) und grün erhalten",diabolostaebe-stabset-alu-henrys,https://www.jugglux.ch/jonglieren-und-artistik/diabolos-und-zubehoer/diabolos-zubehoer/diabolo-handstaebe/diabolostaebe-stabset-alu-henrys.html,https://www.jugglux.ch/media/image/6d/d5/b5/Diabolost-be-Stabset-Alu-Henrys_600x600.jpg
2017-04-09,9. April 2017,Ruth Derrer,5.0,Helle Begeisterung,"Der Würfel ist auf helle Begeisterung gestossen - er war ein kleines Anerkennungsgeschenk.
Und der schnelle Lieferservice hat die Umsetzung der Idee erst möglich gemacht!",wuerfel-3-in-a-cube,https://www.jugglux.ch/spiele-und-geschenke/wuerfel-fuer-spiele/spezial-wuerfel-und-sets/wuerfel-3-in-a-cube.html,https://www.jugglux.ch/media/image/ec/74/66/wurfel-3-in-a-cube-220235-30375_600x600.jpg
2017-04-04,4. April 2017,Anita,5.0,Tiptop,"einfach, funktionell, stabil - erfüllt voll den Zweck",rueckenkratzer-aus-holz,https://www.jugglux.ch/kurioses-und-kultiges/kleinigkeiten-und-verspieltes/beruehren-und-fuehlen/rueckenkratzer-aus-holz.html,https://www.jugglux.ch/media/image/16/c7/35/ruckenkratzer-aus-holz-217155-34399_600x600.jpg
2017-04-04,4. April 2017,Anita,5.0,Nicht nur für Kinder,"Tischdeko für meinen Geburtstag (und das wird KEIN Kindergeburtstag... ) Die Viecher sind kitschig, knallig, kunterbunt...",finger-monster,https://www.jugglux.ch/kurioses-und-kultiges/kleinigkeiten-und-verspieltes/krimskrams/finger-monster.html,https://www.jugglux.ch/media/image/92/1a/59/finger-monster-216903-32402_600x600.jpg
2017-04-04,4. April 2017,Anita,5.0,Immer wieder,So ein Furzkissen ist und war immer schon eine feine Sache! Fand ich als Kind total toll und finden meine Kinder immer noch sowas von lustig... Gehört in jeden Haushalt mit Kind (oder Kindskopf)...,furz-geraeuschkissen,https://www.jugglux.ch/kurioses-und-kultiges/kleinigkeiten-und-verspieltes/scherzartikel/furz-geraeuschkissen.html,https://www.jugglux.ch/media/image/g0/79/f7/furz-gerauschkissen-216810-30642_600x600.jpg
2017-04-02,2. April 2017,Daniela Angehrn,5.0,Top!,"Perfekter Artikel um mit dem Jonglieren zu starten. Kleine Anleitung wird mitgeliefert.
Bestimmt auch für profis gut - nur soweit sind wir noch nicht :-)",jonglierball-set-zweifarbig-mit-schwarz,https://www.jugglux.ch/jonglieren-und-artistik/baelle-zum-jonglieren/jonglierball-set/jonglierball-set-zweifarbig-mit-schwarz.html,https://www.jugglux.ch/media/image/e1/df/d2/jonglierball-set-zweifarbig-mit-schwarz-234799-37422_600x600.jpg
2016-07-20,20. Juli 2016,T. Brunner,4.0,Toller Artikel,"Sehr gut handbar zum Anzünden, man kann es ohne Probleme von Hand mit einem Feuerzeug entzünden, der Rest geschieht von alleine.
Lediglich der Rauch riecht sehr streng, also auf keinen Fall in geschlossenen Räumen zu verwenden.",rauchpulver-1kg-weiss,https://www.jugglux.ch/schminke-und-buehne/spezialeffekte-und-requisiten/buehnentechnik-und-effekte/rauchpulver-1kg-weiss.html,https://www.jugglux.ch/media/image/02/a9/c3/rauchpulver-1kg-weiss-215938-33062_600x600.jpg
2016-07-19,19. Juli 2016,Philipp,5.0,"1A-Spiel, findet grossen Anklang bei Gross und Klein, sehr gute Verarbeitung","Das Spiel überzeugt in allen Bereichen. Sehr gute Verarbeitung und qualitativ gutes Holz. Sämtliche Teile sind in der praktischen Tragtasche gut verstaut.
Wir konnten kaum warten bis wir mit dem Spiel beginnen konnten. Gross und Klein war begeistert. Es hat viel Spass bereitet. Sehr zu empfehlen.
Da wir kaum Vorkenntnisse über den Spielablauf hatten, mussten wir, um den Ablauf klar zu verstehen, die Spielanleitung mehrere Male durchlesen. Sie ist jedoch übersichtlich und kurz abgefasst. In der Gruppe war dies eine zusätzliche Herausforderung die riesen Spass bereitet hat. Dies weil jeder Mitspieler es besser meinte zu wissen wie der Ablauf sein sollte.
Die Bestellung ging sehr speditiv über die Bühne. Kaum bestellt schon geliefert. Super.",kubb-das-wikingerspiel-master,https://www.jugglux.ch/outdoor-und-freizeit/outdoor-und-gartenspiele/kubb-moelkky-und-cornhole/kubb-das-wikingerspiel-master.html,https://www.jugglux.ch/media/image/0e/54/65/kubb-das-wikingerspiel-master-235711-20144_600x600.jpg
2016-07-18,18. Juli 2016,remo hilfiker,5.0,top,"top qualität,gute verarbeitung,ideales gewicht,super wirbel",altair-poi-netzstreifen,https://www.jugglux.ch/jonglieren-und-artistik/poi-leuchtpoi-levistick-und-zubehoer/socken-poi-und-comet-poi/altair-poi-netzstreifen.html,https://www.jugglux.ch/media/image/f7/56/be/altair-poi-netzstreifen-234667-36772_600x600.jpg
2016-07-16,16. Juli 2016,Jojo,5.0,gutes und schönes Diabolo,,cyclone-quartz-2-das-diabolo-mit-kugellager-gruen,https://www.jugglux.ch/jonglieren-und-artistik/diabolos-und-zubehoer/diabolos-mit-kugellager/diabolo-cyclone-quarz/cyclone-quartz-2-das-diabolo-mit-kugellager-gruen.html,https://www.jugglux.ch/media/image/0b/fa/32/cyclone-quartz-2-das-diabolo-mit-kugellager-grun-23472-36905_600x600.jpg
2016-07-16,16. Juli 2016,Jojo,5.0,gute Schnur und schöne Stäbe,,diabolo-stabset-alu-henrys-gruen,https://www.jugglux.ch/jonglieren-und-artistik/diabolos-und-zubehoer/diabolos-zubehoer/diabolo-handstaebe/diabolo-stabset-alu-henrys-gruen.html,https://www.jugglux.ch/media/image/9f/46/cd/diabolo-stabset-alu-henrys-grun-234428-33694_600x600.jpg
2016-07-12,12. Juli 2016,Katrin rüdisüli,4.5,"Super, schön und cool ;-)",,diabolo-stabset-alu-henrys-orange,https://www.jugglux.ch/jonglieren-und-artistik/diabolos-und-zubehoer/diabolos-zubehoer/diabolo-handstaebe/diabolo-stabset-alu-henrys-orange.html,https://www.jugglux.ch/media/image/b1/24/d8/diabolo-stabset-alu-henrys-orange-234427-33693_600x600.jpg
2016-07-12,12. Juli 2016,Katrin rüdisüli,5.0,"Super,schön und cool",Gut geeignet für kinder,diabolo-stabset-alu-henrys-gruen,https://www.jugglux.ch/jonglieren-und-artistik/diabolos-und-zubehoer/diabolos-zubehoer/diabolo-handstaebe/diabolo-stabset-alu-henrys-gruen.html,https://www.jugglux.ch/media/image/9f/46/cd/diabolo-stabset-alu-henrys-grun-234428-33694_600x600.jpg
2016-07-12,12. Juli 2016,Stéphanie,5.0,sehr schöne Würfel,,augenwuerfel-18mm-holz-natur,https://www.jugglux.ch/spiele-und-geschenke/wuerfel-fuer-spiele/holzwuerfel-augenwuerfel/augenwuerfel-18mm-holz-natur.html,https://www.jugglux.ch/media/image/fb/be/30/augenwurfel-18mm-holz-natur-220750-32535_600x600.jpg
2016-07-06,6. Juli 2016,Alex,5.0,Glücklich,Mein Sohn ist sehr glücklich mit diesem Produkt.,diabolo-circus-free-kugellager-diabolo-gruen,https://www.jugglux.ch/jonglieren-und-artistik/diabolos-und-zubehoer/diabolos-mit-kugellager/freilauf-diabolos-circus-free/diabolo-circus-free-kugellager-diabolo-gruen.html,https://www.jugglux.ch/media/image/86/cb/a9/diabolo-circus-free-kugellager-diabolo-grun-234196-31934_600x600.jpg
2016-07-05,5. Juli 2016,Flury-Schneller Elisabeth,5.0,Entspricht meinen Erwartungen,Super tolles Knobelspiel,cast-level-5-laby,https://www.jugglux.ch/spiele-und-geschenke/knobel-und-geduldspiele/cast-knobelspiele-metall/cast-level-5-laby.html,https://www.jugglux.ch/media/image/6a/b9/5c/cast-level-5-laby-220201-30138_600x600.jpg
2016-07-05,5. Juli 2016,Flury-Schneller Elisabeth,2.5,Grössenangaben wären sehr wichtig,"Ich kannte diesen Ring von meinem Bruder. Er hatte einen solchen Fingerring. Nun wollte ich mir auch einen bestellen und hatte Freude, dass ich ihn gefunden habe. Da ich keine Grössenangabe gefunden habe, ging ich von einer durchschnittlichen Fingerringgrösse aus. Der Ring ist aber gar kein Fingerring mehr. Sondern nur noch ein Knobelspiel. Schön, aber eben kein Fingerring.
Bei diesem Objekt wäre eine Grössenangabe wirklich wichtig!",cast-level-4-ring,https://www.jugglux.ch/spiele-und-geschenke/knobel-und-geduldspiele/cast-knobelspiele-metall/cast-level-4-ring.html,https://www.jugglux.ch/media/image/0c/e5/69/cast-level-4-ring-220192-30129_600x600.jpg
2016-07-05,5. Juli 2016,Thomas,5.0,Sehr gut geeignet als erstes Diabolo für Kinder,"Gute Verarbeitung, leicht und auch in der Grösse perfekt als erstes Diabolo für Kinder um die 10 Jahre.",diabolo-millenium-pink,https://www.jugglux.ch/jonglieren-und-artistik/diabolos-und-zubehoer/diabolos-fuer-kinder/diabolo-millenium/diabolo-millenium-pink.html,https://www.jugglux.ch/media/image/5c/97/c0/diabolo-millenium-pink-233470-20308_600x600.jpg
2016-07-05,5. Juli 2016,Thomas,5.0,Wirklich Perfekt,Auch für mich als Anfänger wirklich das perfekte Diabolo. Schon nach kurzer Einübung schon gute Fortschritte und erste Tricks möglich.,diabolo-circus-orange-das-perfekte,https://www.jugglux.ch/jonglieren-und-artistik/diabolos-und-zubehoer/diabolos-fuer-profis/henrys-circus-diabolos/diabolo-circus-orange-das-perfekte.html,https://www.jugglux.ch/media/image/ef/ca/c5/diabolo-circus-orange-das-perfekte-233426-20251_600x600.jpg
2016-06-28,28. Juni 2016,tanja,5.0,rainbowmaker,Super schön! Prombte Lieferung!!!,rainbowmaker-mit-kristall,https://www.jugglux.ch/experimente-und-magie/physikspiele-und-co/optisches-und-beobachten/rainbowmaker-mit-kristall.html,https://www.jugglux.ch/media/image/e3/4e/77/rainbow-maker-mit-swarovski-kristall-229914-20174_600x600.jpg
2016-06-27,27. Juni 2016,Sandra,5.0,Bin sehr zufrieden!,Ich finde die preis leistung super!,bravo-stick-pro-flowerstick-pepita,https://www.jugglux.ch/jonglieren-und-artistik/flowersticks-devilsticks-buugeng/lunastix-und-flowersticks/bravo-stick-pro-flowerstick-pepita.html,https://www.jugglux.ch/media/image/17/25/5a/bravo-stick-pro-flowerstick-pepita-234783-37345_600x600.jpg
2016-06-25,25. Juni 2016,Sibler Rolf,2.5,Farbwürfel,Ich finde die Farbunterschiede zu weig deutlich (blau/violet und orange/rot),farbwuerfel-aus-holz-16mm,https://www.jugglux.ch/spiele-und-geschenke/wuerfel-fuer-spiele/wuerfel-mit-farbflaechen/farbwuerfel-aus-holz-16mm.html,https://www.jugglux.ch/media/image/68/3c/8a/farbwurfel-aus-holz-16mm-220609-32064_600x600.jpg
2016-06-21,21. Juni 2016,Martin Aegerter,5.0,Yoyo halter von yoyo factory,Sehr genal. Absolut stabil. Man hat das yoyo schnell zur hand und schnell wieder im halter. Super erfindung. Lohnt sich,yoyofactory-yoyo-halter,https://www.jugglux.ch/outdoor-und-freizeit/yoyo-shop/zubehoer-fuer-yoyos/yoyofactory-yoyo-halter.html,https://www.jugglux.ch/media/image/e8/30/89/yoyofactory-yoyo-halter-236440-35376_600x600.jpg
2016-06-19,19. Juni 2016,Michalak Malgorzata,5.0,Bravo Lunastik,,bravo-lunastick-elements-carbon,https://www.jugglux.ch/jonglieren-und-artistik/flowersticks-devilsticks-buugeng/lunastix-und-flowersticks/bravo-lunastick-elements-carbon.html,https://www.jugglux.ch/media/image/f8/8a/25/37592_600x600.jpg
2016-06-15,15. Juni 2016,Bräm,5.0,"Wunderschöner Käfer, er wird bestimmt viele Kinderaugen leuchten lassen",,marienkaefer-dreht-an-der-tischkante,https://www.jugglux.ch/kurioses-und-kultiges/aufzieh-objekte/aufzieh-objekte-aus-metall/marienkaefer-dreht-an-der-tischkante.html,https://www.jugglux.ch/media/image/29/eb/6d/marienkafer-dreht-an-der-tischkante-219070-20850_600x600.jpg
2016-06-15,15. Juni 2016,Bräm,5.0,Wunderschöne Melodie,,musikdose-mit-melodie-zauberfloete-glockenspiel,https://www.jugglux.ch/kurioses-und-kultiges/musikdosen-und-instrumente/klassische-melodien/musikdose-mit-melodie-zauberfloete-glockenspiel.html,https://www.jugglux.ch/media/image/f8/f6/dc/musikdose-mit-melodie-zauberflote-glockenspiel-216742-30501_600x600.jpg
2016-06-15,15. Juni 2016,pini,4.0,lustiger nachmittag,Das croquet spiel ist sehr amüsant. Habens im park aufgebaut wos hebungen und senkungen hat. Nur zu empfehlen. Kritikpunkt tragenetz dürfte gerne etwas grösser und stabiler sein. Bei den holzkugeln gibt schnell schlagabdrücke (einkerbungen),croquet-spiel-fuer-4-spieler,https://www.jugglux.ch/outdoor-und-freizeit/outdoor-und-gartenspiele/krocket-und-croquet/croquet-spiel-fuer-4-spieler.html,https://www.jugglux.ch/media/image/8a/98/79/croquet-spiel-fur-4-spieler-237129-38218_600x600.jpg
2016-06-14,14. Juni 2016,Gaby Aebischer,5.0,Bewertung,,wuerfel-mit-fragewoerter-when-what-who-why-how-where,https://www.jugglux.ch/spiele-und-geschenke/wuerfel-fuer-spiele/sprachwuerfel/wuerfel-mit-fragewoerter-when-what-who-why-how-where.html,https://www.jugglux.ch/media/image/60/d8/26/wurfel-mit-frageworter-when-what-who-why-how-where-2-38076_600x600.png
2016-06-14,14. Juni 2016,Gaby Aebischer,5.0,Bewertung,,wuerfel-mit-englischen-pronomen,https://www.jugglux.ch/spiele-und-geschenke/wuerfel-fuer-spiele/sprachwuerfel/wuerfel-mit-englischen-pronomen.html,https://www.jugglux.ch/media/image/fd/21/18/wurfel-mit-englischen-pronomen-223207-38056_600x600.jpg
2016-06-13,13. Juni 2016,Burkhalter,5.0,Ich würde sofort wieder eines bestellen.,"Wir haben sehr viel Spass mit dem Diabolo, da es sehr gut dreht und die Tricks lernt man schneller.",diabolo-mit-kugellager-vision-free-blau,https://www.jugglux.ch/jonglieren-und-artistik/diabolos-und-zubehoer/diabolos-mit-kugellager/diabolo-vision-free/diabolo-mit-kugellager-vision-free-blau.html,https://www.jugglux.ch/media/image/a1/ea/4d/diabolo-mit-kugellager-vision-free-blau-234217-32025_600x600.jpg
2016-06-08,8. Juni 2016,Imfeld,5.0,Tolles Spiel für unterwegs,"Dieses Würfelspiel ist total handlich, passt in jede Tasche und kann somit gut unterwegs gespielt werden. Es macht Spass und bereits kleine Kinder so ab ca. 4-jährig spielen gerne mit! Ein Glücksspiel für alt und jung.",warum-immer-ich-klein-blau,https://www.jugglux.ch/spiele-und-geschenke/brettspiele/wuerfelspiele/warum-immer-ich-klein-blau.html,https://www.jugglux.ch/media/image/cd/27/43/warum-immer-ich-klein-blau-220761-32542_600x600.jpg
2016-06-05,5. Juni 2016,Laurin,5.0,"Das Diabolo dreht so schnell und flink, die Tricks gehen ganz leicht.",,diabolo-mit-kugellager-vision-free-blau,https://www.jugglux.ch/jonglieren-und-artistik/diabolos-und-zubehoer/diabolos-mit-kugellager/diabolo-vision-free/diabolo-mit-kugellager-vision-free-blau.html,https://www.jugglux.ch/media/image/a1/ea/4d/diabolo-mit-kugellager-vision-free-blau-234217-32025_600x600.jpg
2016-06-05,5. Juni 2016,Finnja,5.0,Leicht und stabile Schnur...,,diabolo-stabset-alu-henrys-gruen,https://www.jugglux.ch/jonglieren-und-artistik/diabolos-und-zubehoer/diabolos-zubehoer/diabolo-handstaebe/diabolo-stabset-alu-henrys-gruen.html,https://www.jugglux.ch/media/image/9f/46/cd/diabolo-stabset-alu-henrys-grun-234428-33694_600x600.jpg
2016-06-05,5. Juni 2016,Finnja,5.0,Die Tricks lerne ich mit diesem Diaboli ganz schnell!,,diabolo-mit-kugellager-vision-free-gruen,https://www.jugglux.ch/jonglieren-und-artistik/diabolos-und-zubehoer/diabolos-mit-kugellager/diabolo-vision-free/diabolo-mit-kugellager-vision-free-gruen.html,https://www.jugglux.ch/media/image/d1/ee/1b/diabolo-mit-kugellager-vision-free-grun-234226-32026_600x600.jpg
2016-06-02,2. Juni 2016,Susanne Bächtold,5.0,Der perfekte Jonglierball,"Liegt angenehm in der Hand (Material), ist gut greifbar, nicht knallhart und doch fest und in schönen Farben erhältlich.",jonglierball-beanbag-110g-rot-uni,https://www.jugglux.ch/jonglieren-und-artistik/baelle-zum-jonglieren/jonglierbaelle-zum-trainieren/jonglierball-beanbag-110g/jonglierball-beanbag-110g-rot-uni.html,https://www.jugglux.ch/media/image/74/2b/fb/jonglierball-beanbag-110g-rot-uni-233618-20485_600x600.jpg
2016-06-01,1. Juni 2016,Willy Hofmann,4.5,"Immer wieder faszinierend, gut geeignet für den Tageslichtprojektor",Könnte ein paar Zentimeter grösser sein,rattleback-wackelstein-aendert-die-drehrichtung,https://www.jugglux.ch/experimente-und-magie/physikspiele-und-co/kreisel-und-gyroscope/rattleback-wackelstein-aendert-die-drehrichtung.html,https://www.jugglux.ch/media/image/ea/de/ce/rattleback-andert-die-drehrichtung-230203-31330_600x600.jpg
2016-06-01,1. Juni 2016,Willy Hofmann,5.0,Papierbastelbogen von einem Formel 1 Auto. Für mich das Non-plus Ultra in der heutigen kurzlebigen Zeit.,,modellbogen-formel-1-rennauto,https://www.jugglux.ch/experimente-und-magie/bastelbogen-und-modellbogen/modellbogen/modellbogen-formel-1-rennauto.html,https://www.jugglux.ch/media/image/8a/06/fb/modellbogen-formel-1-rennauto-230387-33421_600x600.jpg
2016-04-26,26. April 2016,Tanja,5.0,macht riesen Spass,,diabolo-mit-kugellager-vision-free-gruen,https://www.jugglux.ch/jonglieren-und-artistik/diabolos-und-zubehoer/diabolos-mit-kugellager/diabolo-vision-free/diabolo-mit-kugellager-vision-free-gruen.html,https://www.jugglux.ch/media/image/d1/ee/1b/diabolo-mit-kugellager-vision-free-grun-234226-32026_600x600.jpg
2016-04-25,25. April 2016,schicke,5.0,super geschenk,,malen-und-bauen-flugzeug-flying-cats,https://www.jugglux.ch/experimente-und-magie/bau-und-experimentierkasten/verschiedene-bausaetze/malen-und-bauen-flugzeug-flying-cats.html,https://www.jugglux.ch/media/image/20/b4/64/malen-und-bauen-flugzeug-flying-cats-230801-37359_600x600.jpg
2016-04-25,25. April 2016,s.l.,2.0,Steckblumen,"Sind sehr klein, aber recht stabil.",steckblumen-in-dose,https://www.jugglux.ch/kurioses-und-kultiges/kleinigkeiten-und-verspieltes/krimskrams/steckblumen-in-dose.html,https://www.jugglux.ch/media/image/c0/bd/74/steckblumen-in-dose-216867-31720_600x600.jpg
2016-04-22,22. April 2016,Nils Mosimann,4.5,Mega spektakulär,Ich bin begeistert. Es sieht sehr spektakulär aus und deine Zuschauer wird es umhauen,feuer-springseil-von-gora-mit-gliederkette,https://www.jugglux.ch/jonglieren-und-artistik/feuerartikel-und-zubehoer/feuer-specials/feuer-springseil-von-gora-mit-gliederkette.html,https://www.jugglux.ch/media/image/7d/e2/be/feuer-springseil-von-gora-mit-gliederkette-234183-31847_600x600.jpg
2016-04-21,21. April 2016,Jan Baumgartner,5.0,Top of the Sticks,Die Balance dieses Fantasticks ist unübertroffen.Von allen Sticks der mit Abstand ausgewogenste..Für das spielen mit der Hand ( ohne 2 zusätzliche Sticks) empfehle ich den Stick in der kurzen Ausführung ( 42 cm). Dieser ist ein bisschen schonender für die Muskeln und es lassen sich ein bisschen einfachere Tricks damit machen da man schneller in den Spin reinkommt.. Ansonsten 1 A Produkt..,flowerstick-kakadou-uv-glow-goastab-50cm,https://www.jugglux.ch/jonglieren-und-artistik/flowersticks-devilsticks-buugeng/lunastix-und-flowersticks/flowerstick-kakadou-uv-glow-goastab-50cm.html,https://www.jugglux.ch/media/image/1f/b4/4c/flowerstick-kakadou-uv-glow-goastab-50cm-234529-35066_600x600.jpg
2016-04-18,18. April 2016,Michael Müller,4.0,Gut verarbeitet,"Obschon ich am Anfang Zweifel hatte, dass die Farbe schnell abnutzt kann ich nur positives berichten. Der Ball hat eine flache und griffige Oberfläche. Einzig das Gewicht ist ein bisschen höher als ich es eingeschätzt hatte.",stageball-80mm-glitter-gold,https://www.jugglux.ch/jonglieren-und-artistik/baelle-zum-jonglieren/jonglierbaelle-aus-kunststoff/stagebaelle-80mm/stageball-80mm-glitter-gold.html,https://www.jugglux.ch/media/image/54/4d/4b/stageball-80mm-glitter-gold-234458-34406_600x600.jpg
2016-04-17,17. April 2016,Giulia,5.0,Sehr gut,Die farbe ist sehr schön sie liegen gut in der hand und haben eine gute qualität,devilstick-handstaebe-12mm-gruen,https://www.jugglux.ch/jonglieren-und-artistik/flowersticks-devilsticks-buugeng/zubehoer-und-handstaebe/devilstick-handstaebe-12mm-gruen.html,https://www.jugglux.ch/media/image/7a/b1/71/devilstick-handstabe-12mm-grun-234058-30583_600x600.jpg
2016-04-17,17. April 2016,Giulia,4.5,Sehr gut,Die handstäbe liegen gut in der hand und haben eine gute qualität,devilstick-handstaebe-14mm-pink,https://www.jugglux.ch/jonglieren-und-artistik/flowersticks-devilsticks-buugeng/zubehoer-und-handstaebe/devilstick-handstaebe-14mm-pink.html,https://www.jugglux.ch/media/image/05/32/45/devilstick-handstabe-14mm-pink-233413-20223_600x600.jpg
2016-04-17,17. April 2016,Giulia,5.0,Sehr gut,Die qualität des devil stick ist sehr gut,devilstick-fluo-gruen,https://www.jugglux.ch/jonglieren-und-artistik/flowersticks-devilsticks-buugeng/devilsticks-fluo/devilstick-fluo-gruen.html,https://www.jugglux.ch/media/image/43/2e/24/devilstick-fluo-grun-233399-20209_600x600.jpg
2016-04-14,14. April 2016,Tiziano,2.5,Kugeln sind zu hart,"Die Kugeln sind aus Hartgummi und weil sie auch ein gewisses Gewicht haben, wird es schmerzhaft wenn sie auf den Schienbein oder auf einem empfindlicheren Bereich auftreffen! ;-)",contact-poi-pro-orange,https://www.jugglux.ch/jonglieren-und-artistik/poi-leuchtpoi-levistick-und-zubehoer/contact-poi-und-flags/contact-poi-pro-orange.html,https://www.jugglux.ch/media/image/e8/b3/de/Contact-Poi-Pro-orange_600x600.jpg
2016-04-11,11. April 2016,Litscher Daniela,5.0,"schnelle Lieferung, tolles Produkt","Rundum zufrieden mit Lieferung, Zahlungsart f. Erstbesteller, übersichtliche Homepage",musikdose-mit-melodie-entry-of-gladiators-einzug-der-gladiatoren,https://www.jugglux.ch/kurioses-und-kultiges/musikdosen-und-instrumente/klassische-melodien/musikdose-mit-melodie-entry-of-gladiators-einzug-der-gladiatoren.html,https://www.jugglux.ch/media/image/0c/c7/53/musikdose-mit-melodie-entry-of-gladiators-einzug-der-gladiatoren-32862_600x600.jpg
2016-04-11,11. April 2016,Tsc,5.0,Super,Der bär fand grossen anklang bei den kids!,pustefix-zauberbaer,https://www.jugglux.ch/kurioses-und-kultiges/seifenblasen-pustefix-und-zauberseife/pustefix-seifenblasen/pustefix-zauberbaer.html,https://www.jugglux.ch/media/image/69/c3/f3/pustefix-zauberbar-216662-21569_600x600.jpg
2016-04-05,5. April 2016,Julian Schenk,4.0,cool,"Gute Scheibe, für den gebrauch in der Freizeit und im Training gut zu gebrauchen!
Frisbee-Club Flying Colors Oberkirch",ultimate-frisbee-weiss-logo-regenbogen,https://www.jugglux.ch/outdoor-und-freizeit/frisbee-und-bumerang/ultimate-frisbees-175g/ultimate-frisbee-weiss-logo-regenbogen.html,https://www.jugglux.ch/media/image/90/b8/41/ultimate-frisbee-weiss-logo-regenbogen-236532-36035_600x600.jpg
2015-07-20,20. Juli 2015,Nicol,4.0,Bewertung Poi,"Die Pois sind sehr schnell nach der Onlinebestellung bei mir eingetroffen!
Mein Fehler war, dass ich überlesen habe, dass nur ein Schwanz mit dabei ist. War etwas enttäuscht und finde dies nicht ganz vollständig.",kiwido-classic-das-poi,https://www.jugglux.ch/jonglieren-und-artistik/poi-leuchtpoi-levistick-und-zubehoer/socken-poi-und-comet-poi/kiwido-classic-das-poi.html,https://www.jugglux.ch/media/image/2d/0d/e6/kiwido-classic-das-poi-233948-20831_600x600.jpg
2015-07-06,6. Juli 2015,Bettina Starck,5.0,Yoyo for beginners,"Ein super Teil zum Einsteigen. Als blutiger Anfänger bin ich begeistert. Einzig und allein die mitgelieferte Schnur scheint mir irgendwie ""langsam"", d.h. sie kommt mir sehr weich vor. Ich hatte diesen Yoyo zuvor mit einer etwas ""steiferen"" Schnur ausprobiert, was ich persönlich besser fand.",yoyofactory-one-rot,https://www.jugglux.ch/outdoor-und-freizeit/yoyo-shop/freilauf-yoyos/yoyofactory-one-rot.html,https://www.jugglux.ch/media/image/bc/43/75/yoyofactory-one-rot-236409-34843_600x600.jpg
2015-06-29,29. Juni 2015,Sybille Lehmann,5.0,Die Eulenspiegelfarben sind top!,,eulenspiegel-profi-schminkfarben-24er-palette-blech,https://www.jugglux.ch/schminke-und-buehne/schminke-und-makeup/schmink-sets-und-paletten/eulenspiegel-profi-schminkfarben-24er-palette-blech.html,https://www.jugglux.ch/media/image/f8/90/5f/eulenspiegel-profi-schminkfarben-24er-palette-blech-216039-36210_600x600.jpg
2015-06-23,23. Juni 2015,Brigitte Kohlbrenner,5.0,"Tolle Würfel, leuchtende Farben und perfekte Grösse",Merci dem Jugglux-Team. Service und Versand waren tiptop. Gerne wieder!,radiergummi-entscheidungswuerfel,https://www.jugglux.ch/spiele-und-geschenke/schreiben-malen-zeichnen/lustige-radiergummis/radiergummi-entscheidungswuerfel.html,https://www.jugglux.ch/media/image/e2/7c/86/radiergummi-entscheidungswurfel-221894-35403_600x600.jpg
2015-06-22,22. Juni 2015,Heidi Matter,4.0,gut,etwas sehr kurze Brenndauer,wunderkerzen-18cm,https://www.jugglux.ch/spiele-und-geschenke/fest-und-party-artikel/wunderkerzen/wunderkerzen-18cm.html,https://www.jugglux.ch/media/image/c2/2a/be/wunderkerzen-18cm-221747-35088_600x600.jpg
2015-06-08,8. Juni 2015,Christine Volery,5.0,Pustefis 5 L,,pustefix-5l-nachfuellbidon-gebrauchsfertige-seifenblasen-fluessigkeit,https://www.jugglux.ch/kurioses-und-kultiges/seifenblasen-pustefix-und-zauberseife/pustefix-seifenblasen/pustefix-5l-nachfuellbidon-gebrauchsfertige-seifenblasen-fluessigkeit.html,https://www.jugglux.ch/media/image/16/dd/d6/pustefix-5l-nachfullbidon-gebrauchsfertige-pustefix-flussigkeit-34890_600x600.jpg
2015-06-05,5. Juni 2015,Susanne simon,5.0,"Endlich mal ein Drache, der auch für Anfänger gut zu fliegen ist! Superempfehlung, wir haben ich schon oft verschenkt .","Endlich mal ein Drache, der auch für Anfänger gut zu fliegen ist! Superempfehlung, wir haben ich schon oft verschenkt .",drache-symphony-beach-1.3-rainbow,https://www.jugglux.ch/outdoor-und-freizeit/drachen-und-zubehoer/lenkmatten/drache-symphony-beach-1.3-rainbow.html,https://www.jugglux.ch/media/image/g0/84/5a/drache-symphony-beach-1-3-rainbow-236608-36638_600x600.jpg
